date,currency_code,name,local_price,dollar_ex,dollar_price
2000-04-01,ARS,Argentina,2.5,1.0,2.5
2000-04-01,AUD,Australia,2.59,1.68,1.5416666666666698
2000-04-01,BRL,Brazil,2.95,1.79,1.64804469273743
2000-04-01,CAD,Canada,2.85,1.47,1.93877551020408
2000-04-01,CHF,Switzerland,5.9,1.7,3.4705882352941204
2000-04-01,CLP,Chile,1260.0,514.0,2.45136186770428
2000-04-01,CNY,China,9.9,8.28,1.19565217391304
2000-04-01,CZK,Czech Republic,54.37,39.1,1.39053708439898
2000-04-01,DKK,Denmark,24.75,8.04,3.07835820895522
2000-04-01,EUR,Euro area,2.56,1.075268817,2.38080000045235
2000-04-01,GBP,Britain,1.9,0.632911392,3.0020000019212802
2000-04-01,HKD,Hong Kong,10.2,7.79,1.30937098844673
2000-04-01,HUF,Hungary,339.0,279.0,1.21505376344086
2000-04-01,IDR,Indonesia,14500.0,7945.0,1.82504719949654
2000-04-01,ILS,Israel,14.5,4.05,3.58024691358025
2000-04-01,JPY,Japan,294.0,106.0,2.77358490566038
2000-04-01,KRW,South Korea,3000.0,1108.0,2.70758122743682
2000-04-01,MXN,Mexico,20.9,9.41,2.2210414452709903
2000-04-01,MYR,Malaysia,4.52,3.8,1.18947368421053
2000-04-01,NZD,New Zealand,3.4,2.01,1.69154228855721
2000-04-01,PLN,Poland,5.5,4.3,1.27906976744186
2000-04-01,RUB,Russia,39.5,28.5,1.3859649122806998
2000-04-01,SGD,Singapore,3.2,1.7,1.88235294117647
2000-04-01,SEK,Sweden,24.0,8.84,2.7149321266968296
2000-04-01,THB,Thailand,55.0,38.0,1.4473684210526299
2000-04-01,TWD,Taiwan,70.0,30.6,2.28758169934641
2000-04-01,USD,United States,2.51,1.0,2.51
2000-04-01,ZAR,South Africa,9.0,6.72,1.33928571428571
2001-04-01,ARS,Argentina,2.5,1.0,2.5
2001-04-01,AUD,Australia,3.0,1.98,1.51515151515152
2001-04-01,BRL,Brazil,3.6,2.19,1.6438356164383603
2001-04-01,CAD,Canada,3.33,1.56,2.1346153846153797
2001-04-01,CHF,Switzerland,6.3,1.73,3.64161849710983
2001-04-01,CLP,Chile,1260.0,601.0,2.09650582362729
2001-04-01,CNY,China,9.9,8.28,1.19565217391304
2001-04-01,CZK,Czech Republic,56.0,39.0,1.4358974358974401
2001-04-01,DKK,Denmark,24.75,8.46,2.92553191489362
2001-04-01,EUR,Euro area,2.57,1.136363636,2.26160000072371
2001-04-01,GBP,Britain,1.99,0.699300699,2.84570000122365
2001-04-01,HKD,Hong Kong,10.7,7.8,1.3717948717948703
2001-04-01,HUF,Hungary,399.0,303.0,1.31683168316832
2001-04-01,IDR,Indonesia,14700.0,10855.0,1.35421464762782
2001-04-01,JPY,Japan,294.0,124.0,2.37096774193548
2001-04-01,KRW,South Korea,3000.0,1325.0,2.26415094339623
2001-04-01,MXN,Mexico,21.9,9.29,2.35737351991389
2001-04-01,MYR,Malaysia,4.52,3.8,1.18947368421053
2001-04-01,NZD,New Zealand,3.6,2.47,1.4574898785425099
2001-04-01,PHP,Philippines,59.0,50.3,1.17296222664016
2001-04-01,PLN,Poland,5.9,4.03,1.4640198511166298
2001-04-01,RUB,Russia,35.0,28.9,1.2110726643598602
2001-04-01,SGD,Singapore,3.3,1.81,1.8232044198895
2001-04-01,SEK,Sweden,24.0,10.28,2.33463035019455
2001-04-01,THB,Thailand,55.0,45.5,1.2087912087912098
2001-04-01,TWD,Taiwan,70.0,32.9,2.1276595744680904
2001-04-01,USD,United States,2.54,1.0,2.54
2001-04-01,ZAR,South Africa,9.7,8.13,1.1931119311193101
2002-04-01,ARS,Argentina,2.5,3.13,0.7987220447284351
2002-04-01,AUD,Australia,3.0,1.86,1.61290322580645
2002-04-01,BRL,Brazil,3.6,2.34,1.53846153846154
2002-04-01,CAD,Canada,3.33,1.57,2.12101910828025
2002-04-01,CHF,Switzerland,6.3,1.66,3.79518072289157
2002-04-01,CLP,Chile,1400.0,655.0,2.13740458015267
2002-04-01,CNY,China,10.5,8.28,1.26811594202899
2002-04-01,CZK,Czech Republic,56.28,34.0,1.6552941176470601
2002-04-01,DKK,Denmark,24.75,8.38,2.9534606205250604
2002-04-01,EUR,Euro area,2.67,1.123595506,2.37629999919206
2002-04-01,GBP,Britain,1.99,0.689655172,2.8855000017313
2002-04-01,HKD,Hong Kong,11.2,8.0,1.4
2002-04-01,HUF,Hungary,459.0,272.0,1.6875
2002-04-01,IDR,Indonesia,16000.0,9430.0,1.69671261930011
2002-04-01,ILS,Israel,12.0,4.79,2.50521920668058
2002-04-01,JPY,Japan,262.0,130.0,2.01538461538462
2002-04-01,KRW,South Korea,3100.0,1304.0,2.37730061349693
2002-04-01,MXN,Mexico,21.9,9.28,2.35991379310345
2002-04-01,MYR,Malaysia,5.04,3.8,1.32631578947368
2002-04-01,NOK,Norway,35.0,8.56,4.088785046728971
2002-04-01,NZD,New Zealand,3.6,2.24,1.60714285714286
2002-04-01,PEN,Peru,8.5,3.43,2.47813411078717
2002-04-01,PHP,Philippines,65.0,51.0,1.27450980392157
2002-04-01,PLN,Poland,5.9,4.04,1.46039603960396
2002-04-01,RUB,Russia,39.0,31.2,1.25
2002-04-01,SGD,Singapore,3.3,1.82,1.81318681318681
2002-04-01,SEK,Sweden,26.0,10.4,2.5
2002-04-01,THB,Thailand,55.0,43.3,1.2702078521940001
2002-04-01,TRY,Turkey,4000000.0,1324500.0,3.02000755001888
2002-04-01,TWD,Taiwan,70.0,34.8,2.01149425287356
2002-04-01,USD,United States,2.49,1.0,2.49
2002-04-01,ZAR,South Africa,9.7,10.9,0.8899082568807339
2003-04-01,ARS,Argentina,4.1,2.88,1.42361111111111
2003-04-01,AUD,Australia,3.0,1.61,1.86335403726708
2003-04-01,BRL,Brazil,4.55,3.07,1.4820846905537501
2003-04-01,CAD,Canada,3.2,1.45,2.20689655172414
2003-04-01,CHF,Switzerland,6.3,1.37,4.5985401459854005
2003-04-01,CLP,Chile,1400.0,716.0,1.9553072625698302
2003-04-01,CNY,China,9.9,8.28,1.19565217391304
2003-04-01,CZK,Czech Republic,56.57,28.9,1.9574394463667801
2003-04-01,DKK,Denmark,27.75,6.78,4.0929203539823
2003-04-01,EGP,Egypt,8.0,5.92,1.35135135135135
2003-04-01,EUR,Euro area,2.71,0.9090909090000001,2.9810000002981
2003-04-01,GBP,Britain,1.99,0.632911392,3.1442000020122896
2003-04-01,HKD,Hong Kong,11.5,7.8,1.47435897435897
2003-04-01,HUF,Hungary,490.0,224.0,2.1875
2003-04-01,IDR,Indonesia,16100.0,8740.0,1.8421052631578898
2003-04-01,JPY,Japan,262.0,120.0,2.18333333333333
2003-04-01,KRW,South Korea,3300.0,1220.0,2.7049180327868902
2003-04-01,MXN,Mexico,23.0,10.53,2.18423551756885
2003-04-01,MYR,Malaysia,5.04,3.8,1.32631578947368
2003-04-01,NZD,New Zealand,3.95,1.78,2.21910112359551
2003-04-01,PEN,Peru,7.9,3.46,2.28323699421965
2003-04-01,PHP,Philippines,65.0,52.5,1.23809523809524
2003-04-01,PLN,Poland,6.3,3.89,1.6195372750642698
2003-04-01,RUB,Russia,41.0,31.1,1.31832797427653
2003-04-01,SGD,Singapore,3.3,1.78,1.85393258426966
2003-04-01,SEK,Sweden,30.0,8.34,3.5971223021582697
2003-04-01,THB,Thailand,59.0,42.7,1.38173302107728
2003-04-01,TRY,Turkey,3750000.0,1600500.0,2.3430178069353302
2003-04-01,TWD,Taiwan,70.0,34.8,2.01149425287356
2003-04-01,USD,United States,2.71,1.0,2.71
2003-04-01,ZAR,South Africa,13.95,7.56,1.8452380952381
2004-05-01,ARS,Argentina,4.36,2.95,1.4779661016949202
2004-05-01,AUD,Australia,3.25,1.43,2.2727272727272703
2004-05-01,BRL,Brazil,5.4,3.18,1.6981132075471699
2004-05-01,CAD,Canada,3.19,1.37,2.3284671532846697
2004-05-01,CHF,Switzerland,6.3,1.29,4.88372093023256
2004-05-01,CLP,Chile,1400.0,641.0,2.18408736349454
2004-05-01,CNY,China,10.4,8.28,1.256038647343
2004-05-01,COP,Colombia,6500.0,2769.83,2.3467144192964904
2004-05-01,CRC,Costa Rica,1130.0,433.55,2.60638911313574
2004-05-01,CZK,Czech Republic,56.42,26.5,2.12905660377359
2004-05-01,DKK,Denmark,27.75,6.22,4.46141479099679
2004-05-01,EGP,Egypt,10.0,6.19,1.6155088852988702
2004-05-01,EUR,Euro area,2.74,0.833333333,3.2880000013152
2004-05-01,GBP,Britain,1.88,0.558659218,3.3651999992596604
2004-05-01,HKD,Hong Kong,12.0,7.79,1.54043645699615
2004-05-01,HUF,Hungary,530.0,211.0,2.51184834123223
2004-05-01,IDR,Indonesia,16100.0,9120.0,1.76535087719298
2004-05-01,JPY,Japan,262.0,113.0,2.31858407079646
2004-05-01,KRW,South Korea,3200.0,1177.0,2.71877655055225
2004-05-01,LKR,Sri Lanka,140.0,99.0,1.41414141414141
2004-05-01,MXN,Mexico,24.0,11.6,2.06896551724138
2004-05-01,MYR,Malaysia,5.04,3.8,1.32631578947368
2004-05-01,NOK,Norway,35.5,6.8491,5.183162751310389
2004-05-01,NZD,New Zealand,4.35,1.64,2.6524390243902403
2004-05-01,PKR,Pakistan,110.0,57.76,1.90443213296399
2004-05-01,PEN,Peru,8.99,3.49,2.57593123209169
2004-05-01,PHP,Philippines,69.0,55.9,1.23434704830054
2004-05-01,PLN,Poland,6.3,3.87,1.6279069767441898
2004-05-01,RUB,Russia,42.0,29.0,1.44827586206897
2004-05-01,SAR,Saudi Arabia,2.4,3.7502,0.639965868487014
2004-05-01,SGD,Singapore,3.3,1.71,1.9298245614035099
2004-05-01,SEK,Sweden,30.0,7.61,3.9421813403416603
2004-05-01,THB,Thailand,59.0,40.8,1.44607843137255
2004-05-01,TRY,Turkey,3950000.0,1531000.0,2.58001306335728
2004-05-01,TWD,Taiwan,75.0,33.4,2.24550898203593
2004-05-01,UAH,Ukraine,7.25,5.3315,1.3598424458407599
2004-05-01,UYU,Uruguay,29.8,29.735,1.00218597612241
2004-05-01,USD,United States,2.9,1.0,2.9
2004-05-01,ZAR,South Africa,12.4,6.66,1.86186186186186
2005-06-01,AED,UAE,9.0,3.6725,2.45064669843431
2005-06-01,ARS,Argentina,4.75,2.897,1.6396272005522998
2005-06-01,AUD,Australia,3.25,1.3015,2.4971187091817098
2005-06-01,BRL,Brazil,5.9,2.4648,2.39370334307043
2005-06-01,CAD,Canada,3.28,1.2494,2.6252601248599303
2005-06-01,CHF,Switzerland,6.3,1.2475,5.0501002004007995
2005-06-01,CLP,Chile,1500.0,592.45,2.53185922862689
2005-06-01,CNY,China,10.5,8.2764,1.26866753661012
2005-06-01,COP,Colombia,6500.0,2327.7,2.7924560725179397
2005-06-01,CRC,Costa Rica,1130.0,475.3,2.3774458236902998
2005-06-01,CZK,Czech Republic,56.42,24.5409,2.2990191883753197
2005-06-01,DKK,Denmark,27.75,6.0647,4.57565914224941
2005-06-01,EGP,Egypt,9.0,5.8,1.55172413793103
2005-06-01,EUR,Euro area,2.92,0.814929509,3.58313199823029
2005-06-01,GBP,Britain,1.88,0.546448087,3.44040000271792
2005-06-01,HKD,Hong Kong,12.0,7.7807,1.54227768709756
2005-06-01,HUF,Hungary,530.0,203.643,2.6025937547571
2005-06-01,IDR,Indonesia,14600.0,9545.0,1.5295966474594
2005-06-01,JPY,Japan,250.0,106.715,2.34268846928735
2005-06-01,KRW,South Korea,2500.0,1005.5,2.48632521133764
2005-06-01,LKR,Sri Lanka,175.0,99.945,1.7509630296663201
2005-06-01,MXN,Mexico,28.0,10.8675,2.5764895330112703
2005-06-01,MYR,Malaysia,5.25,3.8,1.3815789473684201
2005-06-01,NOK,Norway,39.0,6.4326,6.06286726984423
2005-06-01,NZD,New Zealand,4.45,1.4023,3.1733580546245497
2005-06-01,PKR,Pakistan,130.0,59.62,2.18047635021805
2005-06-01,PEN,Peru,8.99,3.2546,2.76224420819763
2005-06-01,PHP,Philippines,80.0,54.55,1.4665444546287798
2005-06-01,PLN,Poland,6.5,3.3096,1.96398356296833
2005-06-01,RUB,Russia,42.0,28.4055,1.47858689338332
2005-06-01,SAR,Saudi Arabia,9.0,3.7501,2.39993600170662
2005-06-01,SGD,Singapore,3.6,1.6607,2.16776058288673
2005-06-01,SEK,Sweden,31.0,7.4402,4.16655466250907
2005-06-01,THB,Thailand,60.0,40.53,1.4803849000740201
2005-06-01,TRY,Turkey,4.0,1.369,2.9218407596786
2005-06-01,TWD,Taiwan,75.0,31.175,2.4057738572574197
2005-06-01,UAH,Ukraine,7.25,5.06,1.4328063241106699
2005-06-01,UYU,Uruguay,44.0,24.125,1.8238341968911898
2005-06-01,USD,United States,3.06,1.0,3.06
2005-06-01,ZAR,South Africa,13.95,6.6482,2.0983123251406397
2006-01-01,ARS,Argentina,4.75,3.0638,1.5503622951889802
2006-01-01,AUD,Australia,3.25,1.3308,2.4421400661256403
2006-01-01,BRL,Brazil,6.2,2.2615,2.74154322352421
2006-01-01,CAD,Canada,3.52,1.1704,3.00751879699248
2006-01-01,CHF,Switzerland,6.3,1.2776,4.931120851596741
2006-01-01,CLP,Chile,1560.0,522.75,2.9842180774748903
2006-01-01,CNY,China,10.5,8.0641,1.30206718666683
2006-01-01,CZK,Czech Republic,62.0,23.8375,2.60094389092816
2006-01-01,DKK,Denmark,27.75,6.1769,4.492544804027911
2006-01-01,EGP,Egypt,9.25,5.74,1.61149825783972
2006-01-01,EUR,Euro area,2.91,0.82815735,3.5138249995607698
2006-01-01,GBP,Britain,1.88,0.566925563,3.3161319980909
2006-01-01,HKD,Hong Kong,12.0,7.7512,1.54814738363092
2006-01-01,HUF,Hungary,560.0,206.956,2.7058891745105202
2006-01-01,IDR,Indonesia,14600.0,9460.0,1.54334038054968
2006-01-01,JPY,Japan,250.0,114.305,2.18713092165697
2006-01-01,KRW,South Korea,2500.0,977.45,2.55767558442887
2006-01-01,MXN,Mexico,28.0,10.5425,2.65591652833768
2006-01-01,MYR,Malaysia,5.5,3.7488,1.46713615023474
2006-01-01,NZD,New Zealand,4.45,1.4467,3.07596599156701
2006-01-01,PEN,Peru,9.5,3.446,2.75681950087057
2006-01-01,PHP,Philippines,82.0,52.58,1.5595283377710198
2006-01-01,PLN,Poland,6.5,3.1151,2.08661038168919
2006-01-01,RUB,Russia,46.0,28.67,1.6044645971398703
2006-01-01,SGD,Singapore,3.6,1.6353,2.2014309301045696
2006-01-01,SEK,Sweden,33.0,7.7119,4.27910112942336
2006-01-01,THB,Thailand,60.0,39.755,1.50924412023645
2006-01-01,TRY,Turkey,4.1,1.3365,3.06771417882529
2006-01-01,TWD,Taiwan,75.0,31.9495,2.34745457675394
2006-01-01,USD,United States,3.15,1.0,3.15
2006-01-01,ZAR,South Africa,13.95,6.0803,2.2942946894067697
2006-05-01,AED,UAE,9.0,3.6726,2.45057997059304
2006-05-01,ARS,Argentina,7.0,3.0565,2.29020121053493
2006-05-01,AUD,Australia,3.25,1.33253,2.4389694791111602
2006-05-01,BRL,Brazil,6.4,2.3045,2.77717509221089
2006-05-01,CAD,Canada,3.52,1.12045,3.1415948949083
2006-05-01,CHF,Switzerland,6.3,1.20885,5.211564710261821
2006-05-01,CLP,Chile,1560.0,529.95,2.9436739315029703
2006-05-01,CNY,China,10.5,8.026,1.30824819337154
2006-05-01,COP,Colombia,6500.0,2503.6,2.59626138360761
2006-05-01,CRC,Costa Rica,1130.0,509.535,2.2177083026681204
2006-05-01,CZK,Czech Republic,59.05,22.1078,2.67100299441826
2006-05-01,DKK,Denmark,27.75,5.81825,4.76947535771065
2006-05-01,EGP,Egypt,9.5,5.77075,1.6462331586015702
2006-05-01,EUR,Euro area,2.9395735289999996,0.780365992,3.7669164970479603
2006-05-01,GBP,Britain,1.94,0.531801744,3.64797600212458
2006-05-01,HKD,Hong Kong,12.0,7.7533,1.54772806417912
2006-05-01,HUF,Hungary,560.0,206.3444,2.71390936705818
2006-05-01,IDR,Indonesia,14600.0,9325.0,1.5656836461126
2006-05-01,JPY,Japan,250.0,112.105,2.23005218322109
2006-05-01,KRW,South Korea,2500.0,952.4,2.62494750104998
2006-05-01,LKR,Sri Lanka,190.0,102.955,1.84546646593172
2006-05-01,MXN,Mexico,29.0,11.3031,2.56566782564075
2006-05-01,MYR,Malaysia,5.5,3.6295,1.5153602424576398
2006-05-01,NOK,Norway,43.0,6.1023,7.04652344198089
2006-05-01,NZD,New Zealand,4.45,1.62101,2.74520206537899
2006-05-01,PKR,Pakistan,130.0,60.055,2.16468237449005
2006-05-01,PEN,Peru,9.5,3.261,2.91321680466115
2006-05-01,PHP,Philippines,85.0,52.625,1.6152019002375302
2006-05-01,PLN,Poland,6.5,3.09915,2.09734927318781
2006-05-01,RUB,Russia,48.0,27.06375,1.77359013440488
2006-05-01,SAR,Saudi Arabia,9.0,3.7489999999999997,2.40064017071219
2006-05-01,SGD,Singapore,3.6,1.5873,2.2680022680022702
2006-05-01,SEK,Sweden,33.0,7.28455,4.53013569815569
2006-05-01,THB,Thailand,60.0,38.445,1.5606710885680801
2006-05-01,TRY,Turkey,4.2,1.5415,2.7246188777165097
2006-05-01,TWD,Taiwan,75.0,32.141,2.3334681559379
2006-05-01,UAH,Ukraine,8.5,5.05,1.68316831683168
2006-05-01,UYU,Uruguay,42.28,23.925,1.76718913270637
2006-05-01,USD,United States,3.1,1.0,3.1
2006-05-01,ZAR,South Africa,13.95,6.597,2.11459754433834
2007-01-01,AED,UAE,10.0,3.6726,2.72286663399227
2007-01-01,ARS,Argentina,8.25,3.08875,2.67098340752732
2007-01-01,AUD,Australia,3.45,1.266865,2.72325780568569
2007-01-01,BRL,Brazil,6.4,2.1335,2.9997656433091198
2007-01-01,CAD,Canada,3.63,1.17485,3.0897561390815897
2007-01-01,CHF,Switzerland,6.3,1.2485,5.04605526631958
2007-01-01,CLP,Chile,1670.0,540.15,3.09173377765436
2007-01-01,CNY,China,11.0,7.7743,1.41491838493498
2007-01-01,COP,Colombia,6900.0,2239.325,3.0812856552755896
2007-01-01,CRC,Costa Rica,1130.0,509.535,2.2177083026681204
2007-01-01,CZK,Czech Republic,52.1,21.50115,2.42312620487741
2007-01-01,DKK,Denmark,27.75,5.75305,4.8235283892891605
2007-01-01,EGP,Egypt,9.09,5.7,1.59473684210526
2007-01-01,EUR,Euro area,2.94,0.771813376,3.80921099765962
2007-01-01,GBP,Britain,1.94,0.506034461,3.83373099959688
2007-01-01,HKD,Hong Kong,12.0,7.79845,1.53876731914675
2007-01-01,HUF,Hungary,590.0,194.4237,3.03460946376393
2007-01-01,IDR,Indonesia,15900.0,9090.0,1.7491749174917501
2007-01-01,JPY,Japan,280.0,121.585,2.3029156557141097
2007-01-01,KRW,South Korea,2900.0,940.15,3.0846141573153196
2007-01-01,LKR,Sri Lanka,190.0,102.955,1.84546646593172
2007-01-01,MXN,Mexico,29.0,10.8894,2.66314030157768
2007-01-01,MYR,Malaysia,5.5,3.502,1.57053112507139
2007-01-01,NOK,Norway,41.5,6.1023,6.800714484702491
2007-01-01,NZD,New Zealand,4.6,1.4279600000000001,3.2213787501050497
2007-01-01,PKR,Pakistan,140.0,60.055,2.33119640329698
2007-01-01,PEN,Peru,9.5,3.1895,2.9785232795109
2007-01-01,PHP,Philippines,85.0,49.05,1.7329255861366
2007-01-01,PLN,Poland,6.9,2.97175,2.32186422141836
2007-01-01,RUB,Russia,49.0,26.5335,1.84672206832872
2007-01-01,SAR,Saudi Arabia,9.0,3.7489999999999997,2.40064017071219
2007-01-01,SGD,Singapore,3.6,1.53795,2.34077830878767
2007-01-01,SEK,Sweden,32.0,7.04125,4.5446476122847494
2007-01-01,THB,Thailand,62.0,35.3,1.75637393767705
2007-01-01,TRY,Turkey,4.55,1.40975,3.22752261039191
2007-01-01,TWD,Taiwan,75.0,32.9255,2.27786973622268
2007-01-01,UAH,Ukraine,9.0,5.05,1.7821782178217802
2007-01-01,UYU,Uruguay,55.0,23.925,2.29885057471264
2007-01-01,USD,United States,3.22,1.0,3.22
2007-01-01,ZAR,South Africa,15.5,7.10975,2.1801047856816296
2007-06-01,AED,UAE,10.0,3.67285,2.7226812965408302
2007-06-01,ARS,Argentina,8.25,3.0915,2.66860747210092
2007-06-01,AUD,Australia,3.45,1.17,2.94871794871795
2007-06-01,BRL,Brazil,6.9,1.913,3.60690015682175
2007-06-01,CAD,Canada,3.88,1.05345,3.6831363614789505
2007-06-01,CHF,Switzerland,6.3,1.2112,5.2014531043593095
2007-06-01,CLP,Chile,1565.0,526.75,2.9710488846701497
2007-06-01,CNY,China,11.0,7.6047,1.4464738911462598
2007-06-01,COP,Colombia,6900.0,1956.0,3.52760736196319
2007-06-01,CRC,Costa Rica,1130.0,518.625,2.17883827428296
2007-06-01,CZK,Czech Republic,52.9,21.11675,2.5051203428557898
2007-06-01,DKK,Denmark,27.75,5.4603,5.0821383440470305
2007-06-01,EGP,Egypt,9.54,5.69025,1.67655199683669
2007-06-01,EUR,Euro area,3.057482443,0.7337564659999999,4.1668899487422
2007-06-01,GBP,Britain,1.99,0.49661063200000005,4.0071635034990605
2007-06-01,HKD,Hong Kong,12.0,7.81555,1.5354005796137198
2007-06-01,HUF,Hungary,600.0,180.2106,3.3294378910008597
2007-06-01,IDR,Indonesia,15900.0,9015.0,1.76372712146423
2007-06-01,JPY,Japan,280.0,122.315,2.2891714017087
2007-06-01,KRW,South Korea,2900.0,922.5,3.14363143631436
2007-06-01,LKR,Sri Lanka,210.0,111.4,1.8850987432675002
2007-06-01,MXN,Mexico,29.0,10.76755,2.6932774865219997
2007-06-01,MYR,Malaysia,5.5,3.4345,1.6013975833454699
2007-06-01,NOK,Norway,40.0,5.8139,6.88006329658233
2007-06-01,NZD,New Zealand,4.6,1.2797,3.59459248261311
2007-06-01,PKR,Pakistan,140.0,60.37,2.31903263210204
2007-06-01,PEN,Peru,9.5,3.167,2.99968424376381
2007-06-01,PHP,Philippines,85.0,45.8975,1.85195272073642
2007-06-01,PLN,Poland,6.9,2.75185,2.50740410996239
2007-06-01,RUB,Russia,52.0,25.64825,2.0274287719435002
2007-06-01,SAR,Saudi Arabia,9.0,3.75045,2.3997120345558502
2007-06-01,SGD,Singapore,3.95,1.52375,2.5922887612797405
2007-06-01,SEK,Sweden,33.0,6.79165,4.8589076292211795
2007-06-01,THB,Thailand,62.0,34.455,1.7994485560876499
2007-06-01,TRY,Turkey,4.75,1.2981,3.6591942069177996
2007-06-01,TWD,Taiwan,75.0,32.7705,2.2886437497139203
2007-06-01,UAH,Ukraine,9.25,5.0275,1.8398806563898602
2007-06-01,UYU,Uruguay,62.0,23.945,2.5892670703696
2007-06-01,USD,United States,3.41,1.0,3.41
2007-06-01,ZAR,South Africa,15.5,6.971,2.22349734614833
2008-06-01,AED,UAE,10.0,3.67285,2.7226812965408302
2008-06-01,ARS,Argentina,11.0,3.0195,3.64298724954463
2008-06-01,AUD,Australia,3.45,1.026,3.36257309941521
2008-06-01,BRL,Brazil,7.5,1.5846,4.73305566073457
2008-06-01,CAD,Canada,4.09,1.00355,4.07553186189029
2008-06-01,CHF,Switzerland,6.5,1.02215,6.35914493958812
2008-06-01,CLP,Chile,1550.0,494.65,3.13352875770747
2008-06-01,CNY,China,12.5,6.834,1.8290898448931798
2008-06-01,COP,Colombia,7000.0,1798.65,3.89180774469741
2008-06-01,CRC,Costa Rica,1800.0,551.02,3.2666690864215497
2008-06-01,CZK,Czech Republic,66.08,14.49795,4.55788577005715
2008-06-01,DKK,Denmark,28.0,4.7044,5.951874840574781
2008-06-01,EGP,Egypt,13.0,5.3125,2.44705882352941
2008-06-01,EUR,Euro area,3.36856,0.630497147,5.342704588003469
2008-06-01,GBP,Britain,2.29,0.5010396570000001,4.5704965026351205
2008-06-01,HKD,Hong Kong,13.3,7.7974,1.7056967707184398
2008-06-01,HUF,Hungary,670.0,144.2578,4.64446289905988
2008-06-01,IDR,Indonesia,18700.0,9152.0,2.04326923076923
2008-06-01,JPY,Japan,280.0,106.855,2.62037340320996
2008-06-01,KRW,South Korea,3200.0,1018.05,3.1432640832964998
2008-06-01,LKR,Sri Lanka,210.0,107.55,1.9525801952580202
2008-06-01,MXN,Mexico,32.0,10.1685,3.1469734965825804
2008-06-01,MYR,Malaysia,5.5,3.238,1.6985793699814702
2008-06-01,NOK,Norway,40.0,5.07915,7.87533347115167
2008-06-01,NZD,New Zealand,4.9,1.3177,3.7186005919405
2008-06-01,PKR,Pakistan,140.0,70.9,1.97461212976023
2008-06-01,PEN,Peru,9.5,2.84,3.34507042253521
2008-06-01,PHP,Philippines,87.0,44.485,1.95571540968866
2008-06-01,PLN,Poland,7.0,2.03145,3.44581456595043
2008-06-01,RUB,Russia,59.0,23.2336,2.5394256593898503
2008-06-01,SAR,Saudi Arabia,10.0,3.74955,2.6669867050712797
2008-06-01,SGD,Singapore,3.95,1.35275,2.9199778229532405
2008-06-01,SEK,Sweden,38.0,5.96085,6.374929749951769
2008-06-01,THB,Thailand,62.0,33.36,1.8585131894484401
2008-06-01,TRY,Turkey,5.15,1.19275,4.31775309159505
2008-06-01,TWD,Taiwan,75.0,30.3625,2.4701523260601097
2008-06-01,UAH,Ukraine,11.0,4.6,2.39130434782609
2008-06-01,UYU,Uruguay,61.0,19.15,3.1853785900783302
2008-06-01,USD,United States,3.57,1.0,3.57
2008-06-01,ZAR,South Africa,16.95,7.56325,2.24110005619277
2009-07-01,AED,UAE,10.0,3.673,2.7225701061802297
2009-07-01,ARS,Argentina,11.5,3.81125,3.0173827484421096
2009-07-01,AUD,Australia,4.34,1.2869,3.37244541145388
2009-07-01,BRL,Brazil,8.03,1.9971,4.0208302037955
2009-07-01,CAD,Canada,3.89,1.16085,3.3509928069948702
2009-07-01,CHF,Switzerland,6.5,1.08605,5.98499148289674
2009-07-01,CLP,Chile,1750.0,548.55,3.1902287849785798
2009-07-01,CNY,China,12.5,6.8327,1.82943785033735
2009-07-01,COP,Colombia,7000.0,2095.6,3.3403321244512303
2009-07-01,CRC,Costa Rica,2000.0,582.57,3.43306383782206
2009-07-01,CZK,Czech Republic,67.92,18.66155,3.63956906044782
2009-07-01,DKK,Denmark,29.5,5.3375,5.52693208430913
2009-07-01,EGP,Egypt,13.0,5.58475,2.32776758135995
2009-07-01,EUR,Euro area,3.31,0.7168972690000001,4.6171189975617
2009-07-01,GBP,Britain,2.29,0.620886626,3.6882740006063504
2009-07-01,HKD,Hong Kong,13.3,7.7505,1.71601832139862
2009-07-01,HUF,Hungary,720.0,199.1577,3.61522552228711
2009-07-01,IDR,Indonesia,20900.0,10200.0,2.0490196078431397
2009-07-01,ILS,Israel,15.0,3.97425,3.7742970371768303
2009-07-01,JPY,Japan,320.0,92.565,3.45703019499811
2009-07-01,KRW,South Korea,3400.0,1314.5,2.58653480410803
2009-07-01,LKR,Sri Lanka,210.0,114.86,1.82831272853909
2009-07-01,MXN,Mexico,33.0,13.8104,2.38950356253258
2009-07-01,MYR,Malaysia,6.77,3.602,1.8795113825652399
2009-07-01,NOK,Norway,40.0,6.50925,6.14510120213542
2009-07-01,NZD,New Zealand,4.9,1.59235,3.0772129242942796
2009-07-01,PKR,Pakistan,190.0,82.6,2.30024213075061
2009-07-01,PEN,Peru,8.056000000000001,3.0274,2.6610292660368597
2009-07-01,PHP,Philippines,99.39,48.385,2.0541490131239
2009-07-01,PLN,Poland,7.6,3.15525,2.4086839394659703
2009-07-01,RUB,Russia,67.0,32.7959,2.04293829411603
2009-07-01,SAR,Saudi Arabia,11.0,3.7504,2.9330204778157003
2009-07-01,SGD,Singapore,4.22,1.4645,2.8815295322635697
2009-07-01,SEK,Sweden,39.0,7.90915,4.930997641971639
2009-07-01,THB,Thailand,64.49,34.165,1.88760427337919
2009-07-01,TRY,Turkey,5.65,1.55005,3.64504370826748
2009-07-01,TWD,Taiwan,75.0,33.1755,2.2607044355021
2009-07-01,UAH,Ukraine,14.0,7.66,1.82767624020888
2009-07-01,UYU,Uruguay,61.0,23.17,2.6327147173068597
2009-07-01,USD,United States,3.57,1.0,3.57
2009-07-01,ZAR,South Africa,17.95,8.2805,2.16774349375038
2010-01-01,AED,UAE,11.0,3.673,2.9948271167982594
2010-01-01,ARS,Argentina,7.0,3.7985,1.8428326971172801
2010-01-01,AUD,Australia,4.35,1.09355,3.97787023912944
2010-01-01,BRL,Brazil,8.2,1.7233,4.75831253989439
2010-01-01,CAD,Canada,4.12,1.0368,3.9737654320987703
2010-01-01,CHF,Switzerland,6.5,1.03115,6.30364156524269
2010-01-01,CLP,Chile,1600.0,503.1,3.18028225004969
2010-01-01,CNY,China,12.5,6.8272,1.83091164752754
2010-01-01,COP,Colombia,8200.0,2095.6,3.91296048864287
2010-01-01,CRC,Costa Rica,2050.0,582.57,3.5188904337676203
2010-01-01,CZK,Czech Republic,67.64,18.21005,3.7144324150675
2010-01-01,DKK,Denmark,30.94,5.16195,5.99385890990808
2010-01-01,EGP,Egypt,13.0,5.465,2.37877401646844
2010-01-01,EUR,Euro area,3.36,0.693649638,4.84394399698368
2010-01-01,GBP,Britain,2.29,0.623752495,3.6713280000587405
2010-01-01,HKD,Hong Kong,14.8,7.75655,1.9080647968491102
2010-01-01,HUF,Hungary,720.0,186.6508,3.85747074215594
2010-01-01,IDR,Indonesia,20900.0,9320.0,2.2424892703862698
2010-01-01,ILS,Israel,14.9,3.7325,3.9919624916276
2010-01-01,JPY,Japan,320.0,91.54,3.49573956740223
2010-01-01,KRW,South Korea,3400.0,1140.5,2.98114861902674
2010-01-01,LKR,Sri Lanka,210.0,114.86,1.82831272853909
2010-01-01,MXN,Mexico,32.0,12.81375,2.49731733489416
2010-01-01,MYR,Malaysia,7.05,3.3875,2.08118081180812
2010-01-01,NOK,Norway,40.0,5.69555,7.02302674895313
2010-01-01,NZD,New Zealand,4.9,1.35685,3.6113055975236805
2010-01-01,PKR,Pakistan,200.0,82.6,2.42130750605327
2010-01-01,PEN,Peru,8.056000000000001,2.8705,2.8064797073680494
2010-01-01,PHP,Philippines,101.52,45.92,2.2108013937282203
2010-01-01,PLN,Poland,8.1,2.83565,2.85648793045686
2010-01-01,RUB,Russia,70.0,29.927,2.3390249607377998
2010-01-01,SAR,Saudi Arabia,10.0,3.7502,2.66652445202923
2010-01-01,SGD,Singapore,4.45,1.39555,3.1887069614130596
2010-01-01,SEK,Sweden,39.0,7.0821,5.50684119117211
2010-01-01,THB,Thailand,70.0,33.135,2.112569790252
2010-01-01,TRY,Turkey,5.65,1.47455,3.8316774609202797
2010-01-01,TWD,Taiwan,75.0,31.8425,2.35534270236319
2010-01-01,UAH,Ukraine,14.0,7.66,1.82767624020888
2010-01-01,UYU,Uruguay,77.0,23.17,3.32326283987915
2010-01-01,USD,United States,3.58,1.0,3.58
2010-01-01,ZAR,South Africa,17.95,7.3045,2.45738928058046
2010-07-01,AED,UAE,11.0,3.67285,2.99494942619492
2010-07-01,ARS,Argentina,14.0,3.93375,3.55894502700985
2010-07-01,AUD,Australia,4.35,1.133722578,3.8369175002881497
2010-07-01,BRL,Brazil,8.71,1.77495,4.907180483957299
2010-07-01,CAD,Canada,4.17,1.04235,4.000575622391709
2010-07-01,CHF,Switzerland,6.5,1.05085,6.185468906123611
2010-07-01,CLP,Chile,1750.0,523.65,3.34192685954359
2010-07-01,CNY,China,13.2,6.7769,1.9477932387965
2010-07-01,COP,Colombia,8200.0,1868.45,4.388664400974069
2010-07-01,CRC,Costa Rica,2000.0,522.115,3.83057372417954
2010-07-01,CZK,Czech Republic,67.64,19.7476,3.4252263566205494
2010-07-01,DKK,Denmark,28.5,5.81365,4.90225589775786
2010-07-01,EGP,Egypt,13.0,5.699,2.28110194771012
2010-07-01,EUR,Euro area,3.3800310710000003,0.78015291,4.33252382664316
2010-07-01,GBP,Britain,2.29,0.657375756,3.48354799990525
2010-07-01,HKD,Hong Kong,14.8,7.7742,1.90373285997273
2010-07-01,HUF,Hungary,740.0,221.96915,3.33379661092544
2010-07-01,IDR,Indonesia,22780.0,9063.0,2.5135164956416203
2010-07-01,ILS,Israel,14.9,3.8619,3.85820451073306
2010-07-01,JPY,Japan,320.0,87.18,3.67056664372563
2010-07-01,KRW,South Korea,3400.0,1204.45,2.82286520818631
2010-07-01,LKR,Sri Lanka,210.0,112.775,1.86211483041454
2010-07-01,MXN,Mexico,32.0,12.782,2.50352057580973
2010-07-01,MYR,Malaysia,7.05,3.2135,2.19386961257196
2010-07-01,NOK,Norway,45.0,6.24625,7.20432259355613
2010-07-01,NZD,New Zealand,5.0,1.39275766,3.5900000004307997
2010-07-01,PKR,Pakistan,210.0,85.525,2.4554223911137103
2010-07-01,PEN,Peru,10.0,2.8275,3.5366931918656097
2010-07-01,PHP,Philippines,102.0,46.47,2.19496449322143
2010-07-01,PLN,Poland,8.3,3.1969,2.5962651318464802
2010-07-01,RUB,Russia,71.0,30.44325,2.3322082891938303
2010-07-01,SAR,Saudi Arabia,10.0,3.75045,2.66634670506206
2010-07-01,SGD,Singapore,4.23,1.3742,3.0781545626546403
2010-07-01,SEK,Sweden,48.4,7.37355,6.564002414033951
2010-07-01,THB,Thailand,70.0,32.305,2.16684723726977
2010-07-01,TRY,Turkey,5.95,1.5293,3.89066893349899
2010-07-01,TWD,Taiwan,75.0,32.1055,2.336048340627
2010-07-01,UAH,Ukraine,14.5,7.899,1.8356754019496102
2010-07-01,UYU,Uruguay,79.0,21.1,3.74407582938389
2010-07-01,USD,United States,3.733333333,1.0,3.733333333
2010-07-01,ZAR,South Africa,18.45,7.5365,2.44808598155643
2011-07-01,AED,UAE,12.0,3.67305,3.2670396536938
2011-07-01,ARS,Argentina,20.0,4.1325,4.83968542044767
2011-07-01,AUD,Australia,4.56,0.9223815890000001,4.9437240014121695
2011-07-01,BRL,Brazil,9.5,1.5416,6.1624286455630495
2011-07-01,CAD,Canada,4.73,0.94585,5.00079293756938
2011-07-01,CHF,Switzerland,6.5,0.80615,8.06301556782237
2011-07-01,CLP,Chile,1850.0,462.75,3.99783900594273
2011-07-01,CNY,China,14.65,6.445,2.27307990690458
2011-07-01,COP,Colombia,8400.0,1770.5,4.74442247952556
2011-07-01,CRC,Costa Rica,2050.0,504.305,4.06500034701222
2011-07-01,CZK,Czech Republic,69.32,17.0219,4.072400848318931
2011-07-01,DKK,Denmark,28.5,5.19845,5.48240340870837
2011-07-01,EGP,Egypt,14.09,5.962000000000001,2.36330090573633
2011-07-01,EUR,Euro area,3.437660401,0.697520315,4.92840183586624
2011-07-01,GBP,Britain,2.39,0.614137444,3.8916369997462703
2011-07-01,HKD,Hong Kong,15.1,7.7918,1.93793475191868
2011-07-01,HUF,Hungary,760.0,188.0724,4.04099697775963
2011-07-01,IDR,Indonesia,22534.0,8523.0,2.64390472838203
2011-07-01,INR,India,84.0,44.4,1.8918918918918899
2011-07-01,ILS,Israel,15.9,3.40335,4.67186742474327
2011-07-01,JPY,Japan,320.0,78.365,4.08345562432208
2011-07-01,KRW,South Korea,3700.0,1056.2,3.50312440825601
2011-07-01,LKR,Sri Lanka,280.0,109.475,2.55766156656771
2011-07-01,MXN,Mexico,32.0,11.67075,2.74189747873958
2011-07-01,MYR,Malaysia,7.2,2.9730000000000003,2.4217961654894102
2011-07-01,NOK,Norway,45.0,5.41405,8.31170750177778
2011-07-01,NZD,New Zealand,5.1,1.1560693640000002,4.41150000061761
2011-07-01,PKR,Pakistan,205.13,86.345,2.37570212519544
2011-07-01,PEN,Peru,10.0,2.7375,3.6529680365296797
2011-07-01,PHP,Philippines,118.0,42.41,2.7823626503183196
2011-07-01,PLN,Poland,8.63,2.7968,3.08566933638444
2011-07-01,RUB,Russia,75.0,27.7525,2.70245923790649
2011-07-01,SAR,Saudi Arabia,10.0,3.7502,2.66652445202923
2011-07-01,SGD,Singapore,4.41,1.20705,3.65353547906052
2011-07-01,SEK,Sweden,48.4,6.3352,7.6398535168581905
2011-07-01,THB,Thailand,70.0,29.75,2.35294117647059
2011-07-01,TRY,Turkey,6.5,1.72285,3.77281829526656
2011-07-01,TWD,Taiwan,75.0,28.834,2.60109592841784
2011-07-01,UAH,Ukraine,16.5,7.994,2.06404803602702
2011-07-01,UYU,Uruguay,90.0,18.45,4.87804878048781
2011-07-01,USD,United States,4.065,1.0,4.065
2011-07-01,ZAR,South Africa,19.45,6.76885,2.87345708650657
2012-01-01,AED,UAE,12.0,3.673,3.26708412741628
2012-01-01,ARS,Argentina,20.0,4.3135,4.63660600440478
2012-01-01,AUD,Australia,4.8,0.972337012,4.9365600000424505
2012-01-01,BRL,Brazil,10.25,1.805,5.6786703601108
2012-01-01,CAD,Canada,4.73,1.02095,4.63293990890837
2012-01-01,CHF,Switzerland,6.5,0.9551,6.805570097372001
2012-01-01,CLP,Chile,2050.0,506.05,4.0509831044363205
2012-01-01,CNY,China,15.4,6.3155,2.43844509540021
2012-01-01,COP,Colombia,8400.0,1852.15,4.535269821558731
2012-01-01,CRC,Costa Rica,2050.0,509.54,4.02323664481689
2012-01-01,CZK,Czech Republic,70.22,20.36535,3.44801341494254
2012-01-01,DKK,Denmark,31.5,5.86135,5.374188540182719
2012-01-01,EGP,Egypt,15.5,6.037000000000001,2.56750041411297
2012-01-01,EUR,Euro area,3.49245637,0.788239467,4.43070477464433
2012-01-01,GBP,Britain,2.49,0.651253663,3.8233950017721403
2012-01-01,HKD,Hong Kong,16.5,7.76735,2.12427661943906
2012-01-01,HUF,Hungary,645.0,245.69425,2.6252140617861404
2012-01-01,IDR,Indonesia,22534.0,9160.0,2.46004366812227
2012-01-01,INR,India,84.0,51.905,1.61834120026972
2012-01-01,ILS,Israel,15.9,3.8485,4.13147979732363
2012-01-01,JPY,Japan,320.0,76.92,4.16016640665627
2012-01-01,KRW,South Korea,3700.0,1158.75,3.19309600862999
2012-01-01,LKR,Sri Lanka,290.0,113.93,2.5454226279294305
2012-01-01,MXN,Mexico,37.0,13.6844,2.7038087164946902
2012-01-01,MYR,Malaysia,7.35,3.13955,2.34109983914892
2012-01-01,NOK,Norway,41.0,6.0399,6.78819185748108
2012-01-01,NZD,New Zealand,5.1,1.26000126,4.04761500000405
2012-01-01,PKR,Pakistan,260.0,90.05,2.88728484175458
2012-01-01,PEN,Peru,10.0,2.6925,3.71402042711235
2012-01-01,PHP,Philippines,118.0,44.005,2.6815134643790497
2012-01-01,PLN,Poland,9.1,3.52045,2.58489681716826
2012-01-01,RUB,Russia,81.0,31.7693,2.54963124777694
2012-01-01,SAR,Saudi Arabia,10.0,3.7502,2.66652445202923
2012-01-01,SGD,Singapore,4.85,1.2928,3.7515470297029703
2012-01-01,SEK,Sweden,41.0,6.9338,5.91306354379994
2012-01-01,THB,Thailand,78.0,31.75,2.4566929133858304
2012-01-01,TRY,Turkey,6.6,1.86295,3.54276819023592
2012-01-01,TWD,Taiwan,75.0,29.9795,2.50170950149269
2012-01-01,UAH,Ukraine,17.0,8.0405,2.11429637460357
2012-01-01,UYU,Uruguay,90.0,19.45,4.62724935732648
2012-01-01,USD,United States,4.19722,1.0,4.19722
2012-01-01,ZAR,South Africa,19.95,8.1304,2.45375381285054
2012-07-01,AED,UAE,12.0,3.67295,3.26712860234961
2012-07-01,ARS,Argentina,19.0,4.56625,4.16096359156857
2012-07-01,AUD,Australia,4.56,0.9743264970000001,4.68015599908292
2012-07-01,BRL,Brazil,10.08,2.04215,4.935974340768309
2012-07-01,CAD,Canada,5.12,1.01945,5.02231595468145
2012-07-01,CHF,Switzerland,6.5,0.9906,6.56167979002625
2012-07-01,CLP,Chile,2050.0,493.05,4.1577933272487595
2012-07-01,CNY,China,15.65,6.3885,2.4497143304375095
2012-07-01,COP,Colombia,8600.0,1804.475,4.76592914836725
2012-07-01,CZK,Czech Republic,70.33,21.048000000000002,3.34141011022425
2012-07-01,DKK,Denmark,28.5,6.1356,4.6450224916878495
2012-07-01,EGP,Egypt,16.0,6.0665,2.63743509437072
2012-07-01,EUR,Euro area,3.5834822410000005,0.8248443109999999,4.3444346929611095
2012-07-01,GBP,Britain,2.69,0.646266197,4.1623715002999
2012-07-01,HKD,Hong Kong,16.5,7.75815,2.126795692272
2012-07-01,HUF,Hungary,830.0,238.2151,3.48424596089836
2012-07-01,IDR,Indonesia,24200.0,9482.5,2.55206960189823
2012-07-01,INR,India,89.0,56.165,1.58461675420636
2012-07-01,ILS,Israel,11.9,4.07625,2.91934989267096
2012-07-01,JPY,Japan,320.0,78.22,4.09102531321913
2012-07-01,KRW,South Korea,3700.0,1151.0,3.2145960034752403
2012-07-01,LKR,Sri Lanka,290.0,131.0,2.2137404580152698
2012-07-01,MXN,Mexico,37.0,13.687000000000001,2.70329509753781
2012-07-01,MYR,Malaysia,7.4,3.1735,2.33181030408067
2012-07-01,NOK,Norway,43.0,6.09205,7.05837936326852
2012-07-01,NZD,New Zealand,5.1,1.273560876,4.004520000659951
2012-07-01,PKR,Pakistan,285.0,94.605,3.01252576502299
2012-07-01,PHP,Philippines,118.0,42.2,2.7962085308056897
2012-07-01,PLN,Poland,9.1,3.46035,2.6297917840680896
2012-07-01,RUB,Russia,75.0,32.76525,2.28901046077781
2012-07-01,SAR,Saudi Arabia,10.0,3.75025,2.6664889007399504
2012-07-01,SGD,Singapore,4.4,1.2585,3.49622566547477
2012-07-01,SEK,Sweden,39.97301987,6.9777,5.72868135202144
2012-07-01,THB,Thailand,82.0,31.7,2.58675078864353
2012-07-01,TRY,Turkey,8.25,1.8269,4.51584651595599
2012-07-01,TWD,Taiwan,75.0,30.1955,2.4838138133165497
2012-07-01,UAH,Ukraine,15.0,8.0855,1.8551728402696201
2012-07-01,UYU,Uruguay,99.0,21.87,4.5267489711934195
2012-07-01,USD,United States,4.3275,1.0,4.3275
2012-07-01,ZAR,South Africa,19.95,8.4683,2.35584473861342
2013-01-01,AED,UAE,12.0,3.67305,3.2670396536938
2013-01-01,ARS,Argentina,19.0,4.9765,3.81794433839044
2013-01-01,AUD,Australia,4.7,0.959094615,4.90045499838408
2013-01-01,BRL,Brazil,11.25,1.99335,5.6437655203551795
2013-01-01,CAD,Canada,5.41,1.0029,5.394356366537041
2013-01-01,CHF,Switzerland,6.5,0.9123,7.12484928203442
2013-01-01,CLP,Chile,2050.0,471.75,4.34552199258082
2013-01-01,CNY,China,16.0,6.2204,2.5721818532570295
2013-01-01,COP,Colombia,8600.0,1773.175,4.85005710096296
2013-01-01,CRC,Costa Rica,2200.0,500.83,4.39270810454645
2013-01-01,CZK,Czech Republic,70.33,18.89495,3.72215856617774
2013-01-01,DKK,Denmark,28.5,5.49795,5.18375030693258
2013-01-01,EGP,Egypt,16.0,6.68575,2.3931496092435403
2013-01-01,EUR,Euro area,3.5948495719999998,0.7369468290000001,4.878031128620269
2013-01-01,GBP,Britain,2.69,0.633211968,4.248182498028839
2013-01-01,HKD,Hong Kong,17.0,7.7591,2.19097575749765
2013-01-01,HUF,Hungary,830.0,217.46935,3.81662979173847
2013-01-01,IDR,Indonesia,27939.0,9767.5,2.86040440235475
2013-01-01,INR,India,89.0,53.395,1.66682273621126
2013-01-01,ILS,Israel,14.9,3.72455,4.00048327985931
2013-01-01,JPY,Japan,320.0,91.065,3.5139735353868105
2013-01-01,KRW,South Korea,3700.0,1085.475,3.40864598447684
2013-01-01,LKR,Sri Lanka,350.0,126.45,2.76789244760775
2013-01-01,MXN,Mexico,37.0,12.7384,2.9046034038811803
2013-01-01,MYR,Malaysia,7.95,3.083,2.5786571521245496
2013-01-01,NOK,Norway,43.0,5.4831,7.842279002753919
2013-01-01,NZD,New Zealand,5.2,1.202428906,4.32458000140592
2013-01-01,PKR,Pakistan,290.0,97.665,2.96933394767829
2013-01-01,PEN,Peru,10.0,2.5595,3.90701308849385
2013-01-01,PHP,Philippines,118.0,40.6,2.9064039408867
2013-01-01,PLN,Poland,9.1,3.092,2.94307891332471
2013-01-01,RUB,Russia,72.88,30.045,2.4256947911466096
2013-01-01,SAR,Saudi Arabia,11.0,3.7502,2.93317689723215
2013-01-01,SGD,Singapore,4.5,1.23485,3.64416730777017
2013-01-01,SEK,Sweden,40.55930138,6.3492,6.38809635544636
2013-01-01,THB,Thailand,87.0,29.755,2.9238783397748302
2013-01-01,TRY,Turkey,8.45,1.76875,4.7773851590106
2013-01-01,TWD,Taiwan,75.0,29.502,2.54220052877771
2013-01-01,UAH,Ukraine,19.0,8.144,2.33300589390963
2013-01-01,UYU,Uruguay,105.0,19.28,5.44605809128631
2013-01-01,USD,United States,4.367395833,1.0,4.367395833
2013-01-01,ZAR,South Africa,20.9,9.047,2.3101580634464502
2013-07-01,AED,UAE,12.0,3.673,3.26708412741628
2013-07-01,ARS,Argentina,21.0,5.4125,3.87990762124711
2013-07-01,AUD,Australia,5.035,1.089858863,4.61986425117506
2013-07-01,BRL,Brazil,12.0,2.27065,5.28483033492612
2013-07-01,CAD,Canada,5.53,1.05125,5.260404280618309
2013-07-01,CHF,Switzerland,6.5,0.9674,6.7190407277238
2013-07-01,CLP,Chile,2000.0,508.155,3.93580698802531
2013-07-01,CNY,China,16.0,6.1341,2.60836960597317
2013-07-01,COP,Colombia,8600.0,1921.0,4.47683498178032
2013-07-01,CRC,Costa Rica,2150.0,498.675,4.31142527698401
2013-07-01,CZK,Czech Republic,70.45,20.1828,3.49059595298967
2013-07-01,DKK,Denmark,28.5,5.8006,4.9132848326035194
2013-07-01,EGP,Egypt,16.75,7.00915,2.38973341988686
2013-07-01,EUR,Euro area,3.6238704889999998,0.777756173,4.65939148386547
2013-07-01,GBP,Britain,2.69,0.669142494,4.02007049936362
2013-07-01,HKD,Hong Kong,17.0,7.75665,2.19166779473097
2013-07-01,HUF,Hungary,860.0,228.46200000000002,3.7643021596589397
2013-07-01,IDR,Indonesia,27939.0,9965.0,2.80371299548419
2013-07-01,INR,India,90.0,59.98,1.50050016672224
2013-07-01,ILS,Israel,17.5,3.64595,4.79984640491504
2013-07-01,JPY,Japan,320.0,100.105,3.1966435242994904
2013-07-01,KRW,South Korea,3900.0,1135.7,3.4340054591881697
2013-07-01,LKR,Sri Lanka,370.0,130.8,2.8287461773700295
2013-07-01,MXN,Mexico,37.0,12.94115,2.8590967572433703
2013-07-01,MYR,Malaysia,7.3,3.1805,2.2952365980191805
2013-07-01,NOK,Norway,46.0,6.1281,7.506404921590709
2013-07-01,NZD,New Zealand,5.5,1.279344975,4.29907500125211
2013-07-01,PKR,Pakistan,300.0,100.035,2.9989503673714197
2013-07-01,PEN,Peru,10.0,2.783,3.5932446999640697
2013-07-01,PHP,Philippines,115.21,43.44,2.6521639042357297
2013-07-01,PLN,Poland,9.2,3.3655,2.7336205615807496
2013-07-01,RUB,Russia,87.0,32.9389,2.64125395808603
2013-07-01,SAR,Saudi Arabia,10.0,3.7502,2.66652445202923
2013-07-01,SGD,Singapore,4.7,1.2747,3.68714207264454
2013-07-01,SEK,Sweden,41.61,6.7583,6.156873770030921
2013-07-01,THB,Thailand,89.0,31.275,2.8457234212629903
2013-07-01,TRY,Turkey,8.5,1.95745,4.34238422437355
2013-07-01,TWD,Taiwan,79.0,30.0285,2.63083404099439
2013-07-01,UAH,Ukraine,19.0,8.155,2.3298589822195
2013-07-01,UYU,Uruguay,105.0,21.085,4.97984349063315
2013-07-01,USD,United States,4.556666667,1.0,4.556666667
2013-07-01,ZAR,South Africa,22.5,10.04725,2.23941874642315
2014-01-01,AED,UAE,12.0,3.673,3.26708412741628
2014-01-01,ARS,Argentina,21.0,6.92125,3.0341340075853394
2014-01-01,AUD,Australia,5.05,1.128859288,4.473542498770669
2014-01-01,BRL,Brazil,12.4,2.36305,5.247455618797741
2014-01-01,CAD,Canada,5.54,1.1051,5.0131209845262905
2014-01-01,CHF,Switzerland,6.5,0.91005,7.14246469974177
2014-01-01,CLP,Chile,2000.0,541.95,3.6903773410831295
2014-01-01,CNY,China,16.6,6.0513,2.74321220233669
2014-01-01,COP,Colombia,8600.0,1982.795,4.33731172410663
2014-01-01,CRC,Costa Rica,2150.0,501.92,4.2835511635320405
2014-01-01,CZK,Czech Republic,70.45,20.2838,3.4732150780425797
2014-01-01,DKK,Denmark,28.5,5.5014,5.18049950921584
2014-01-01,EGP,Egypt,16.93,6.961,2.43212182157736
2014-01-01,EUR,Euro area,3.657962724,0.737218475,4.96184353491684
2014-01-01,GBP,Britain,2.79,0.603009015,4.62679649988317
2014-01-01,HKD,Hong Kong,18.0,7.75785,2.32023047622731
2014-01-01,HUF,Hungary,860.0,223.09705,3.8548246155652897
2014-01-01,IDR,Indonesia,27939.0,12140.0,2.30140032948929
2014-01-01,INR,India,95.0,61.845,1.5360983102918602
2014-01-01,ILS,Israel,17.5,3.4882,5.01691416776561
2014-01-01,JPY,Japan,310.0,104.245,2.9737637296752797
2014-01-01,KRW,South Korea,3700.0,1067.3,3.46669165183173
2014-01-01,LKR,Sri Lanka,350.0,130.8,2.67584097859327
2014-01-01,MXN,Mexico,37.0,13.33275,2.7751214115617597
2014-01-01,MYR,Malaysia,7.4,3.3235,2.2265683767113
2014-01-01,NOK,Norway,48.0,6.15745,7.79543479849613
2014-01-01,NZD,New Zealand,5.5,1.203007519,4.5718749992285
2014-01-01,PKR,Pakistan,320.0,105.415,3.03562111653939
2014-01-01,PEN,Peru,10.0,2.8065,3.56315695706396
2014-01-01,PHP,Philippines,135.0,45.23,2.98474463851426
2014-01-01,PLN,Poland,9.2,3.0684,2.9983053056967797
2014-01-01,RUB,Russia,89.0,33.93925,2.62233255007108
2014-01-01,SAR,Saudi Arabia,11.0,3.7504,2.9330204778157003
2014-01-01,SGD,Singapore,4.6,1.27885,3.59698166321304
2014-01-01,SEK,Sweden,40.7,6.47315,6.287510717347809
2014-01-01,THB,Thailand,96.0,32.875,2.92015209125475
2014-01-01,TRY,Turkey,8.5,2.26155,3.7584842254206197
2014-01-01,TWD,Taiwan,79.0,30.160999999999998,2.6192765491860404
2014-01-01,UAH,Ukraine,19.0,8.379,2.2675736961451203
2014-01-01,UYU,Uruguay,105.0,21.38,4.911131898971
2014-01-01,USD,United States,4.624166667,1.0,4.624166667
2014-01-01,ZAR,South Africa,23.5,10.87765,2.16039309961251
2014-07-01,AED,UAE,13.0,3.67305,3.5392929581682795
2014-07-01,ARS,Argentina,21.0,8.16875,2.5707727620505
2014-07-01,AUD,Australia,5.1,1.059378145,4.81414500013119
2014-07-01,BRL,Brazil,13.0,2.22025,5.855196486882111
2014-07-01,CAD,Canada,5.64,1.07405,5.25115218099716
2014-07-01,CHF,Switzerland,6.16,0.9024,6.826241134751769
2014-07-01,CLP,Chile,2100.0,564.14,3.72248023540256
2014-07-01,CNY,China,16.9,6.1983,2.72655405514415
2014-07-01,COP,Colombia,8600.0,1847.65,4.654561199361349
2014-07-01,CRC,Costa Rica,2150.0,537.3,4.0014889261120405
2014-07-01,CZK,Czech Republic,70.45,20.3877,3.4555148447348194
2014-07-01,DKK,Denmark,28.5,5.5388,5.14551888495703
2014-07-01,EGP,Egypt,16.93,7.15005,2.36781560968105
2014-07-01,EUR,Euro area,3.67923829,0.7427489140000001,4.95354246993891
2014-07-01,GBP,Britain,2.89,0.586785589,4.92513799618893
2014-07-01,HKD,Hong Kong,18.8,7.75045,2.42566560651317
2014-07-01,HUF,Hungary,860.0,228.30615,3.76687180787727
2014-07-01,IDR,Indonesia,27939.0,11505.0,2.42842242503259
2014-07-01,INR,India,105.0,60.08875,1.7474152815626898
2014-07-01,ILS,Israel,17.5,3.4138,5.12625227019743
2014-07-01,JPY,Japan,370.0,101.53,3.6442430808628
2014-07-01,KRW,South Korea,4100.0,1023.75,4.00488400488401
2014-07-01,LKR,Sri Lanka,350.0,130.255,2.6870369659513997
2014-07-01,MXN,Mexico,42.0,12.93255,3.2476193790087797
2014-07-01,MYR,Malaysia,7.63,3.1675,2.40883977900553
2014-07-01,NOK,Norway,48.0,6.1873,7.75782651560455
2014-07-01,NZD,New Zealand,5.7,1.152737752,4.94475000069227
2014-07-01,PKR,Pakistan,300.0,98.68,3.04012971220105
2014-07-01,PEN,Peru,10.0,2.7880000000000003,3.5868005738880897
2014-07-01,PHP,Philippines,160.0,43.205,3.7032750839023296
2014-07-01,PLN,Poland,9.2,3.0714,2.99537670117862
2014-07-01,RUB,Russia,89.0,34.83725,2.5547366683650403
2014-07-01,SAR,Saudi Arabia,11.0,3.75035,2.9330595811057596
2014-07-01,SGD,Singapore,4.7,1.238,3.7964458804523398
2014-07-01,SEK,Sweden,40.7,6.836,5.9537741369221795
2014-07-01,THB,Thailand,99.0,31.78,3.1151667715544398
2014-07-01,TRY,Turkey,9.25,2.09125,4.42319187089062
2014-07-01,TWD,Taiwan,79.0,29.982,2.6349142819024802
2014-07-01,UAH,Ukraine,19.0,11.685,1.6260162601626
2014-07-01,UYU,Uruguay,113.0,22.97,4.91946016543317
2014-07-01,USD,United States,4.795,1.0,4.795
2014-07-01,VND,Vietnam,60000.0,21230.0,2.82618935468676
2014-07-01,ZAR,South Africa,24.5,10.5145,2.33011555471016
2015-01-01,AED,UAE,13.0,3.67305,3.5392929581682795
2015-01-01,ARS,Argentina,28.0,8.61,3.2520325203252
2015-01-01,AUD,Australia,5.3,1.227219734,4.31870499892076
2015-01-01,BRL,Brazil,13.5,2.59275,5.20682672837721
2015-01-01,CAD,Canada,5.7,1.22855,4.63961580725245
2015-01-01,CHF,Switzerland,6.5,0.86165,7.54366622178379
2015-01-01,CLP,Chile,2100.0,627.485,3.3466935464592797
2015-01-01,CNY,China,17.2,6.2115,2.7690573935442298
2015-01-01,COP,Colombia,7900.0,2364.98,3.3404087983830695
2015-01-01,CRC,Costa Rica,2150.0,536.09,4.01052062153743
2015-01-01,CZK,Czech Republic,70.45,24.13325,2.9192089751691097
2015-01-01,DKK,Denmark,34.5,6.4174,5.37600897559759
2015-01-01,EGP,Egypt,16.93,7.35005,2.3033856912538
2015-01-01,EUR,Euro area,3.68,0.8630734040000001,4.26383200194175
2015-01-01,GBP,Britain,2.89,0.6615944429999999,4.36823499740308
2015-01-01,HKD,Hong Kong,18.8,7.75135,2.42538396537377
2015-01-01,HUF,Hungary,860.0,271.39345,3.16883108269562
2015-01-01,IDR,Indonesia,27939.0,12480.0,2.23870192307692
2015-01-01,INR,India,116.25,61.615,1.88671589710298
2015-01-01,ILS,Israel,17.5,3.93415,4.4482289694088895
2015-01-01,JPY,Japan,370.0,117.765,3.14185029507918
2015-01-01,KRW,South Korea,4100.0,1083.3,3.7847318379027097
2015-01-01,LKR,Sri Lanka,350.0,131.875,2.65402843601896
2015-01-01,MXN,Mexico,49.0,14.6275,3.3498547256879196
2015-01-01,MYR,Malaysia,7.63,3.6155,2.11035818005808
2015-01-01,NOK,Norway,48.0,7.6225,6.29714660544441
2015-01-01,NZD,New Zealand,5.9,1.313283866,4.49255500105261
2015-01-01,PKR,Pakistan,300.0,100.735,2.9781108849952798
2015-01-01,PEN,Peru,10.0,3.008,3.32446808510638
2015-01-01,PHP,Philippines,163.0,44.41,3.67034451700068
2015-01-01,PLN,Poland,9.2,3.7066,2.4820590298386698
2015-01-01,RUB,Russia,89.0,65.227,1.36446563539639
2015-01-01,SAR,Saudi Arabia,11.0,3.7569,2.9279459128536804
2015-01-01,SGD,Singapore,4.7,1.33315,3.5254847541537004
2015-01-01,SEK,Sweden,40.7,8.19145,4.96859530363977
2015-01-01,THB,Thailand,99.0,32.605,3.03634411900015
2015-01-01,TRY,Turkey,9.25,2.33345,3.9640875099102204
2015-01-01,TWD,Taiwan,79.0,31.493000000000002,2.50849395103674
2015-01-01,UAH,Ukraine,19.0,15.822000000000001,1.2008595626343102
2015-01-01,UYU,Uruguay,113.0,24.425,4.62640736949846
2015-01-01,USD,United States,4.79,1.0,4.79
2015-01-01,VND,Vietnam,60000.0,21380.0,2.8063610851262903
2015-01-01,ZAR,South Africa,25.5,11.47875,2.22149624305782
2015-07-01,AED,UAE,13.0,3.67295,3.53938931921208
2015-07-01,ARS,Argentina,28.0,9.135,3.06513409961686
2015-07-01,AUD,Australia,5.3,1.35126005,3.9222649999901895
2015-07-01,BRL,Brazil,13.5,3.15235,4.28251939029613
2015-07-01,CAD,Canada,5.85,1.2897,4.53593859036985
2015-07-01,CHF,Switzerland,6.5,0.9528,6.82199832073888
2015-07-01,CLP,Chile,2100.0,642.45,3.26873686668223
2015-07-01,CNY,China,17.0,6.2092,2.73787283385943
2015-07-01,COP,Colombia,7900.0,2708.9,2.91631289453284
2015-07-01,CRC,Costa Rica,2150.0,533.3,4.0315019688730604
2015-07-01,CZK,Czech Republic,70.0,24.70225,2.83374996204799
2015-07-01,DKK,Denmark,34.59,6.81105,5.07851212368137
2015-07-01,EGP,Egypt,16.93,7.83005,2.1621828723954497
2015-07-01,EUR,Euro area,3.7,0.9127002240000001,4.05390499827466
2015-07-01,GBP,Britain,2.89,0.640450877,4.512446002943019
2015-07-01,HKD,Hong Kong,19.2,7.7508,2.47716364762347
2015-07-01,HUF,Hungary,900.0,282.8778,3.1815858296409303
2015-07-01,IDR,Indonesia,30500.0,13344.5,2.28558582187418
2015-07-01,INR,India,116.25,63.43,1.83272899259026
2015-07-01,ILS,Israel,17.5,3.77835,4.63165138221711
2015-07-01,JPY,Japan,370.0,123.935,2.98543591398717
2015-07-01,KRW,South Korea,4300.0,1143.5,3.76038478355925
2015-07-01,LKR,Sri Lanka,350.0,133.85,2.61486738886814
2015-07-01,MXN,Mexico,49.0,15.73975,3.1131371209834997
2015-07-01,MYR,Malaysia,7.65,3.8065,2.00972021542099
2015-07-01,NOK,Norway,46.0,8.14255,5.6493358960031
2015-07-01,NZD,New Zealand,5.9,1.509092281,3.90963499998182
2015-07-01,PKR,Pakistan,350.0,101.7,3.44149459193707
2015-07-01,PEN,Peru,10.0,3.1835,3.14119679597927
2015-07-01,PHP,Philippines,163.0,45.2125,3.6051976776334
2015-07-01,PLN,Poland,9.6,3.7736,2.5439898240407004
2015-07-01,RUB,Russia,107.0,56.815,1.8833054651060501
2015-07-01,SAR,Saudi Arabia,12.0,3.75055,3.19953073549213
2015-07-01,SGD,Singapore,4.7,1.3664,3.4396955503512903
2015-07-01,SEK,Sweden,43.7,8.52265,5.127513156119281
2015-07-01,THB,Thailand,108.0,34.0875,3.1683168316831702
2015-07-01,TRY,Turkey,10.25,2.6457,3.8742109838606
2015-07-01,TWD,Taiwan,79.0,31.02,2.5467440361057405
2015-07-01,UAH,Ukraine,34.0,21.95,1.54897494305239
2015-07-01,UYU,Uruguay,113.0,27.345,4.1323825196562405
2015-07-01,USD,United States,4.79,1.0,4.79
2015-07-01,VND,Vietnam,60000.0,21810.0,2.75103163686382
2015-07-01,ZAR,South Africa,26.0,12.41455,2.0943167492982
2016-01-01,AED,UAE,13.0,3.6731,3.5392447796139503
2016-01-01,ARS,Argentina,33.0,13.80925,2.3897025544472004
2016-01-01,AUD,Australia,5.3,1.4157287459999999,3.7436550009842096
2016-01-01,BRL,Brazil,13.5,4.0248,3.35420393559928
2016-01-01,CAD,Canada,5.84,1.4092,4.14419528810673
2016-01-01,CHF,Switzerland,6.5,1.0088,6.4432989690721705
2016-01-01,CLP,Chile,2100.0,715.215,2.9361800297812497
2016-01-01,CNY,China,17.6,6.5582,2.68366320026837
2016-01-01,COP,Colombia,7900.0,3253.9,2.42785580380467
2016-01-01,CRC,Costa Rica,2150.0,535.25,4.01681457262961
2016-01-01,CZK,Czech Republic,75.0,25.1442,2.98279523707257
2016-01-01,DKK,Denmark,30.0,6.9405,4.32245515452777
2016-01-01,EGP,Egypt,16.93,7.83005,2.1621828723954497
2016-01-01,EUR,Euro area,3.72,0.9302325579999999,3.9990000005998496
2016-01-01,GBP,Britain,2.89,0.684532977,4.22185650232012
2016-01-01,HKD,Hong Kong,19.2,7.75235,2.4766683650764
2016-01-01,HUF,Hungary,900.0,292.67905,3.07504073147702
2016-01-01,IDR,Indonesia,30500.0,13947.5,2.18677182290733
2016-01-01,INR,India,127.0,66.8025,1.9011264548482498
2016-01-01,ILS,Israel,16.9,3.94105,4.288197307824061
2016-01-01,JPY,Japan,370.0,118.645,3.11854692570273
2016-01-01,KRW,South Korea,4300.0,1197.75,3.59006470465456
2016-01-01,LKR,Sri Lanka,350.0,144.05,2.42971190558834
2016-01-01,MXN,Mexico,49.0,17.43675,2.81015670924914
2016-01-01,MYR,Malaysia,8.0,4.3925,1.82128628343768
2016-01-01,NOK,Norway,46.8,8.97465,5.21468803797363
2016-01-01,NZD,New Zealand,5.9,1.508068165,3.91228999917255
2016-01-01,PKR,Pakistan,300.0,104.885,2.86027553987701
2016-01-01,PEN,Peru,10.0,3.418,2.9256875365710897
2016-01-01,PHP,Philippines,131.0,47.0225,2.7859003668456603
2016-01-01,PLN,Poland,9.6,4.0477,2.37171727153692
2016-01-01,RUB,Russia,114.0,74.655,1.52702431183444
2016-01-01,SAR,Saudi Arabia,12.0,3.7543,3.1963348693498097
2016-01-01,SGD,Singapore,4.7,1.43725,3.27013393633675
2016-01-01,SEK,Sweden,45.0,8.60185,5.23143277318251
2016-01-01,THB,Thailand,112.0,36.22,3.0922142462727797
2016-01-01,TRY,Turkey,10.25,3.0096,3.40576820839979
2016-01-01,TWD,Taiwan,69.0,33.2315,2.07634322856326
2016-01-01,UAH,Ukraine,36.0,23.35,1.5417558886509601
2016-01-01,UYU,Uruguay,113.0,30.185,3.74358124896472
2016-01-01,USD,United States,4.93,1.0,4.93
2016-01-01,VND,Vietnam,60000.0,22467.5,2.6705240903527296
2016-01-01,ZAR,South Africa,28.0,15.81375,1.7706110188917898
2016-07-01,AED,UAE,13.0,3.6731,3.5392447796139503
2016-07-01,ARS,Argentina,50.0,14.935,3.3478406427854
2016-07-01,AUD,Australia,5.75,1.335737661,4.3047375003975406
2016-07-01,BRL,Brazil,15.5,3.24145,4.78181060944948
2016-07-01,CAD,Canada,6.0,1.3030000000000002,4.60475825019187
2016-07-01,CHF,Switzerland,6.5,0.9861,6.59162356758949
2016-07-01,CLP,Chile,2300.0,651.12,3.53237498464185
2016-07-01,CNY,China,18.6,6.678,2.7852650494159903
2016-07-01,COP,Colombia,8900.0,2929.0,3.0385797200409703
2016-07-01,CRC,Costa Rica,2250.0,546.39,4.11793773678142
2016-07-01,CZK,Czech Republic,75.0,24.54655,3.0554191933285897
2016-07-01,DKK,Denmark,30.0,6.75715,4.43974160703847
2016-07-01,EGP,Egypt,23.0,8.87995,2.5901046740128
2016-07-01,EUR,Euro area,3.82,0.908306463,4.20562899815015
2016-07-01,GBP,Britain,2.99,0.758840492,3.9402219985909803
2016-07-01,HKD,Hong Kong,19.2,7.7554,2.4756943549011
2016-07-01,HUF,Hungary,900.0,285.6397,3.15082252221943
2016-07-01,IDR,Indonesia,31000.0,13112.5,2.36415633937083
2016-07-01,INR,India,162.0,67.2,2.41071428571429
2016-07-01,ILS,Israel,16.9,3.85875,4.37965662455458
2016-07-01,JPY,Japan,370.0,106.725,3.46685406418365
2016-07-01,KRW,South Korea,4400.0,1140.95,3.85643542661817
2016-07-01,LKR,Sri Lanka,530.0,146.2,3.6251709986320098
2016-07-01,MXN,Mexico,44.0,18.535,2.37388724035608
2016-07-01,MYR,Malaysia,8.0,4.027,1.9865905140303002
2016-07-01,NOK,Norway,46.8,8.49355,5.51006351878779
2016-07-01,NZD,New Zealand,6.0,1.4213630869999998,4.221300000595839
2016-07-01,PKR,Pakistan,375.0,104.82,3.57756153405839
2016-07-01,PEN,Peru,10.0,3.30585,3.02494063554003
2016-07-01,PHP,Philippines,133.0,47.115,2.8228801867770397
2016-07-01,PLN,Poland,9.6,3.96565,2.42078852142776
2016-07-01,RUB,Russia,130.0,63.40755,2.05022903423961
2016-07-01,SAR,Saudi Arabia,12.0,3.7505,3.1995733902146397
2016-07-01,SGD,Singapore,5.45,1.3577,4.01414156293732
2016-07-01,SEK,Sweden,44.94,8.59485,5.228712542976321
2016-07-01,THB,Thailand,119.0,34.965,3.4034034034034
2016-07-01,TRY,Turkey,10.75,3.04305,3.53263995005011
2016-07-01,TWD,Taiwan,69.0,32.029,2.1542976677386103
2016-07-01,UAH,Ukraine,39.0,24.8,1.5725806451612903
2016-07-01,UYU,Uruguay,123.0,30.165,4.07757334659373
2016-07-01,USD,United States,5.04,1.0,5.04
2016-07-01,VND,Vietnam,60000.0,22300.0,2.69058295964126
2016-07-01,ZAR,South Africa,30.0,14.27375,2.10176022418776
2017-01-01,AED,UAE,13.0,3.673,3.5393411380342994
2017-01-01,ARS,Argentina,55.0,15.8575,3.4683903515686603
2017-01-01,AUD,Australia,5.8,1.3566680230000001,4.27518000105469
2017-01-01,BRL,Brazil,16.5,3.22395,5.11794537756479
2017-01-01,CAD,Canada,5.98,1.3259999999999998,4.50980392156863
2017-01-01,CHF,Switzerland,6.5,1.0236,6.350136772176629
2017-01-01,CLP,Chile,2450.0,672.805,3.64147115434636
2017-01-01,CNY,China,19.6,6.9266,2.8296711229174503
2017-01-01,COP,Colombia,9900.0,2994.625,3.30592311224277
2017-01-01,CRC,Costa Rica,2250.0,554.33,4.058954052640121
2017-01-01,CZK,Czech Republic,75.0,25.81175,2.90565343302953
2017-01-01,DKK,Denmark,30.0,7.10125,4.2246083436014805
2017-01-01,EGP,Egypt,27.49,18.77,1.46457112413426
2017-01-01,EUR,Euro area,3.88,0.955246692,4.06177800194884
2017-01-01,GBP,Britain,3.09,0.82877507,3.7283940020058797
2017-01-01,HKD,Hong Kong,19.2,7.75595,2.47551879524752
2017-01-01,HUF,Hungary,900.0,294.6172,3.05481146382492
2017-01-01,IDR,Indonesia,31000.0,13329.0,2.32575587065796
2017-01-01,INR,India,170.0,68.3275,2.48801726976693
2017-01-01,ILS,Israel,16.9,3.855,4.38391699092088
2017-01-01,JPY,Japan,380.0,116.665,3.2571893884198304
2017-01-01,KRW,South Korea,4400.0,1196.45,3.67754607380166
2017-01-01,LKR,Sri Lanka,550.0,150.06,3.66520058643209
2017-01-01,MXN,Mexico,49.0,21.9505,2.23229539190451
2017-01-01,MYR,Malaysia,8.0,4.4715,1.78910880017891
2017-01-01,NOK,Norway,49.0,8.64835,5.66582064786925
2017-01-01,NZD,New Zealand,6.0,1.43358899,4.1853000001067295
2017-01-01,PKR,Pakistan,375.0,104.775,3.5790980672870396
2017-01-01,PEN,Peru,11.0,3.3929,3.2420643107666005
2017-01-01,PHP,Philippines,133.0,49.615,2.68064093520105
2017-01-01,PLN,Poland,9.6,4.17215,2.30097192095203
2017-01-01,RUB,Russia,130.0,60.4375,2.15098241985522
2017-01-01,SAR,Saudi Arabia,12.0,3.75065,3.19944542945889
2017-01-01,SGD,Singapore,5.6,1.43875,3.89226759339705
2017-01-01,SEK,Sweden,48.0,9.12455,5.260533396167481
2017-01-01,THB,Thailand,119.0,35.573,3.34523374469401
2017-01-01,TRY,Turkey,10.75,3.91115,2.74855221610012
2017-01-01,TWD,Taiwan,69.0,31.905,2.16267042783263
2017-01-01,UAH,Ukraine,42.0,27.235,1.54213328437672
2017-01-01,UYU,Uruguay,125.0,28.725,4.35161009573542
2017-01-01,USD,United States,5.06,1.0,5.06
2017-01-01,VND,Vietnam,60000.0,22572.0,2.6581605528974
2017-01-01,ZAR,South Africa,26.32,13.9525,1.88640028668697
2017-07-01,AED,UAE,14.0,3.673,3.81159814865233
2017-07-01,ARS,Argentina,70.0,16.9675,4.12553410932665
2017-07-01,AUD,Australia,5.9,1.303016483,4.52795500055083
2017-07-01,BRL,Brazil,16.5,3.2343,5.10156757258139
2017-07-01,CAD,Canada,5.97,1.2823,4.655696794821809
2017-07-01,CHF,Switzerland,6.5,0.96415,6.74168957112483
2017-07-01,CLP,Chile,2550.0,663.355,3.84409554461789
2017-07-01,CNY,China,19.8,6.7875,2.9171270718232
2017-07-01,COP,Colombia,9900.0,3052.16,3.24360452925142
2017-07-01,CRC,Costa Rica,2290.0,572.495,4.00003493480292
2017-07-01,CZK,Czech Republic,75.0,22.8561,3.2813997138619397
2017-07-01,DKK,Denmark,30.0,6.51255,4.60649054517816
2017-07-01,EGP,Egypt,31.37,17.885,1.7539837852949398
2017-07-01,EUR,Euro area,3.91,0.875695083,4.4650244998577895
2017-07-01,GBP,Britain,3.19,0.775885479,4.11143150160695
2017-07-01,HKD,Hong Kong,19.2,7.8115,2.45791461307047
2017-07-01,HUF,Hungary,862.0,268.6239,3.20894752849616
2017-07-01,IDR,Indonesia,32126.0,13369.5,2.40293204682299
2017-07-01,INR,India,178.0,64.5575,2.7572319250280803
2017-07-01,ILS,Israel,16.9,3.5405,4.773337099279759
2017-07-01,JPY,Japan,380.0,113.06,3.36104723155846
2017-07-01,KRW,South Korea,4400.0,1144.65,3.84396977241952
2017-07-01,LKR,Sri Lanka,580.0,153.725,3.77297121483168
2017-07-01,MXN,Mexico,49.0,17.79075,2.75424026530641
2017-07-01,MYR,Malaysia,8.6,4.2935,2.0030278327704703
2017-07-01,NOK,Norway,49.0,8.2852,5.91416018925313
2017-07-01,NZD,New Zealand,6.1,1.376273053,4.43225999862689
2017-07-01,PKR,Pakistan,375.0,105.15,3.56633380884451
2017-07-01,PEN,Peru,10.5,3.2515,3.2292787944025805
2017-07-01,PHP,Philippines,134.0,50.5765,2.6494518205095297
2017-07-01,PLN,Poland,10.1,3.7086,2.7233996656420203
2017-07-01,RUB,Russia,137.0,60.1369,2.2781353877569397
2017-07-01,SAR,Saudi Arabia,12.0,3.75015,3.1998720051198
2017-07-01,SGD,Singapore,5.6,1.3777,4.06474559047688
2017-07-01,SEK,Sweden,48.97,8.41565,5.81892070131244
2017-07-01,THB,Thailand,119.0,34.0365,3.4962466763621403
2017-07-01,TRY,Turkey,10.75,3.57605,3.00611009353896
2017-07-01,TWD,Taiwan,69.0,30.4775,2.26396522024444
2017-07-01,UAH,Ukraine,44.0,25.915,1.69785838317577
2017-07-01,UYU,Uruguay,130.0,28.705,4.528827730360571
2017-07-01,USD,United States,5.3,1.0,5.3
2017-07-01,VND,Vietnam,60000.0,22732.5,2.63939293962389
2017-07-01,ZAR,South Africa,30.0,13.27,2.26073850791259
2018-01-01,AED,UAE,14.0,3.673,3.81159814865233
2018-01-01,ARS,Argentina,75.0,18.9375,3.96039603960396
2018-01-01,AUD,Australia,5.9,1.253682693,4.70613499966375
2018-01-01,BRL,Brazil,16.5,3.2279,5.11168251804579
2018-01-01,CAD,Canada,6.55,1.2459,5.257243759531259
2018-01-01,CHF,Switzerland,6.5,0.96085,6.76484362803768
2018-01-01,CLP,Chile,2600.0,605.935,4.29088928680469
2018-01-01,CNY,China,20.4,6.432,3.17164179104478
2018-01-01,COP,Colombia,10900.0,2844.12,3.83246839092584
2018-01-01,CRC,Costa Rica,2290.0,568.53,4.02793168346437
2018-01-01,CZK,Czech Republic,79.0,20.747,3.80777943799104
2018-01-01,DKK,Denmark,30.0,6.0827,4.93202031992372
2018-01-01,EGP,Egypt,34.21,17.7,1.9327683615819198
2018-01-01,EUR,Euro area,3.95,0.816826629,4.8357874973246
2018-01-01,GBP,Britain,3.19,0.72285673,4.4130459987555195
2018-01-01,HKD,Hong Kong,20.5,7.819,2.62181864688579
2018-01-01,HUF,Hungary,864.0,252.14215,3.4266385053034596
2018-01-01,IDR,Indonesia,35750.0,13359.0,2.6760985103675403
2018-01-01,INR,India,180.0,63.86125,2.8186106598289298
2018-01-01,ILS,Israel,16.5,3.43635,4.80160635558078
2018-01-01,JPY,Japan,380.0,110.725,3.4319259426507096
2018-01-01,KRW,South Korea,4400.0,1069.25,4.1150339022679505
2018-01-01,LKR,Sri Lanka,580.0,153.8,3.7711313394018195
2018-01-01,MXN,Mexico,48.0,18.6635,2.57186486993329
2018-01-01,MYR,Malaysia,9.0,3.9539999999999997,2.27617602427921
2018-01-01,NOK,Norway,49.0,7.8501,6.24195870116304
2018-01-01,NZD,New Zealand,6.2,1.374664925,4.51019000139252
2018-01-01,PKR,Pakistan,375.0,110.505,3.3935116058096897
2018-01-01,PEN,Peru,10.5,3.2119999999999997,3.26899128268991
2018-01-01,PHP,Philippines,134.0,50.725,2.6416954164613102
2018-01-01,PLN,Poland,10.1,3.40575,2.96557292813624
2018-01-01,RUB,Russia,130.0,56.745,2.2909507445589905
2018-01-01,SAR,Saudi Arabia,12.0,3.7503,3.1997440204783603
2018-01-01,SGD,Singapore,5.8,1.32255,4.38546746814865
2018-01-01,SEK,Sweden,49.1,8.0188,6.12311068987879
2018-01-01,THB,Thailand,119.0,31.95,3.7245696400626005
2018-01-01,TRY,Turkey,10.75,3.8026,2.8270130963025295
2018-01-01,TWD,Taiwan,69.0,29.553,2.3347883463607797
2018-01-01,UAH,Ukraine,47.0,28.715,1.6367752045969
2018-01-01,UYU,Uruguay,140.0,28.58,4.898530440867741
2018-01-01,USD,United States,5.28,1.0,5.28
2018-01-01,VND,Vietnam,65000.0,22711.5,2.8619862184355895
2018-01-01,ZAR,South Africa,30.0,12.25815,2.4473513539971403
2018-07-01,AED,United Arab Emirates,14.0,3.67315,3.8114424948613594
2018-07-01,ARS,Argentina,75.0,27.725,2.7051397655545495
2018-07-01,AUD,Australia,6.05,1.33985395591881,4.51541749999998
2018-07-01,AZN,Azerbaijan,3.95,1.70175,2.32114000293815
2018-07-01,BHD,Bahrain,1.2,0.37955,3.1616387827690695
2018-07-01,BRL,Brazil,16.9,3.83835,4.4029335521773705
2018-07-01,CAD,Canada,6.65,1.31235,5.0672457804701505
2018-07-01,CHF,Switzerland,6.5,0.99325,6.54417316889001
2018-07-01,CLP,Chile,2640.0,651.73,4.05075721541129
2018-07-01,CNY,China,20.5,6.622000000000001,3.09574146783449
2018-07-01,COP,Colombia,11900.0,2874.07,4.14046978674841
2018-07-01,CRC,Costa Rica,2290.0,567.8,4.03311025008806
2018-07-01,CZK,Czech Republic,75.0,22.06475,3.39908677868546
2018-07-01,DKK,Denmark,30.0,6.3591,4.71764872387602
2018-07-01,EGP,Egypt,31.37,17.905,1.7520245741413
2018-07-01,EUR,Euro area,4.04,0.8532059212490941,4.735082
2018-07-01,GBP,Britain,3.19,0.7538635506973241,4.231535
2018-07-01,GTQ,Guatemala,25.0,7.4871,3.33907654499072
2018-07-01,HKD,Hong Kong,20.0,7.84825,2.54833880164368
2018-07-01,HNL,Honduras,85.0,23.9926,3.5427590173636903
2018-07-01,HRK,Croatia,21.0,6.31275,3.32660092669597
2018-07-01,HUF,Hungary,850.0,276.4302,3.07491728472504
2018-07-01,IDR,Indonesia,31500.0,14360.0,2.19359331476323
2018-07-01,INR,India,173.0,68.825,2.51362150381402
2018-07-01,ILS,Israel,17.0,3.6349,4.67688244518419
2018-07-01,JOD,Jordan,1.95,0.71005,2.74628547285402
2018-07-01,JPY,Japan,390.0,111.25,3.50561797752809
2018-07-01,KRW,South Korea,4500.0,1116.0,4.03225806451613
2018-07-01,KWD,Kuwait,1.05,0.3025,3.47107438016529
2018-07-01,LBP,Lebanon,6500.0,1511.0,4.3017868960953
2018-07-01,LKR,Sri Lanka,580.0,159.27,3.6416148678344897
2018-07-01,MDL,Moldova,43.0,16.6526,2.5821793593793196
2018-07-01,MXN,Mexico,49.0,19.0515,2.57197595989817
2018-07-01,MYR,Malaysia,8.45,4.0225,2.10068365444375
2018-07-01,NIO,Nicaragua,103.0,31.5872,3.26081450714213
2018-07-01,NOK,Norway,42.0,8.0415,5.22290617422123
2018-07-01,NZD,New Zealand,6.2,1.4643432420559401,4.23397999999999
2018-07-01,OMR,Oman,1.05,0.385,2.7272727272727297
2018-07-01,PKR,Pakistan,375.0,121.49,3.0866738003127794
2018-07-01,PEN,Peru,10.5,3.2715,3.2095369096744597
2018-07-01,PHP,Philippines,140.0,53.486999999999995,2.6174584478471403
2018-07-01,PLN,Poland,10.1,3.68695,2.73939163807483
2018-07-01,QAR,Qatar,12.0,3.641,3.29579785773139
2018-07-01,RON,Romania,9.2,3.97325,2.3154848046309704
2018-07-01,RUB,Russia,130.0,62.14065,2.09202832606353
2018-07-01,SAR,Saudi Arabia,12.0,3.7504,3.19965870307167
2018-07-01,SGD,Singapore,5.8,1.35585,4.27775933915994
2018-07-01,SEK,Sweden,51.0,8.7526,5.826840024678379
2018-07-01,THB,Thailand,119.0,33.17,3.5875791377751
2018-07-01,TRY,Turkey,10.75,4.70625,2.28419654714475
2018-07-01,TWD,Taiwan,69.0,30.3725,2.27179191703021
2018-07-01,UAH,Ukraine,50.0,26.199,1.90846978892324
2018-07-01,UYU,Uruguay,140.0,31.31,4.47141488342383
2018-07-01,USD,United States,5.51,1.0,5.51
2018-07-01,VND,Vietnam,65000.0,23039.5,2.82124178042058
2018-07-01,ZAR,South Africa,31.0,13.3619,2.32002933714517
2019-01-01,AED,United Arab Emirates,14.0,3.67315,3.8114424948613594
2019-01-01,ARS,Argentina,75.0,37.455,2.00240288346015
2019-01-01,AUD,Australia,6.1,1.4016399187048798,4.352045000000009
2019-01-01,AZN,Azerbaijan,3.95,1.6965,2.3283230179781897
2019-01-01,BHD,Bahrain,1.2,0.377,3.18302387267905
2019-01-01,BRL,Brazil,16.9,3.71795,4.545515673960111
2019-01-01,CAD,Canada,6.77,1.3314,5.08487306594562
2019-01-01,CHF,Switzerland,6.5,0.98165,6.621504609585901
2019-01-01,CLP,Chile,2640.0,678.99,3.8881279547563303
2019-01-01,CNY,China,20.9,6.8497,3.05122852095712
2019-01-01,COP,Colombia,11900.0,3191.5,3.72865423781921
2019-01-01,CRC,Costa Rica,2290.0,606.975,3.7728077762675603
2019-01-01,CZK,Czech Republic,85.0,22.31165,3.80966893976913
2019-01-01,DKK,Denmark,30.0,6.51545,4.60444021518084
2019-01-01,EGP,Egypt,40.0,17.91,2.23338916806253
2019-01-01,EUR,Euro area,4.05,0.87248614928238,4.641907499999999
2019-01-01,GBP,Britain,3.19,0.783208020050125,4.072992
2019-01-01,GTQ,Guatemala,25.0,7.7283,3.23486407101174
2019-01-01,HKD,Hong Kong,20.0,7.83435,2.55286016070255
2019-01-01,HNL,Honduras,85.0,24.3391,3.4923230522081803
2019-01-01,HRK,Croatia,21.0,6.47885,3.2413159742855604
2019-01-01,HUF,Hungary,850.0,280.26875,3.0328033360836697
2019-01-01,IDR,Indonesia,33000.0,14090.0,2.34208658623137
2019-01-01,INR,India,178.0,69.685,2.55435172562244
2019-01-01,ILS,Israel,17.0,3.70785,4.584867241123559
2019-01-01,JOD,Jordan,1.95,0.7096,2.74802705749718
2019-01-01,JPY,Japan,390.0,108.44,3.59645887126522
2019-01-01,KRW,South Korea,4500.0,1118.6,4.0228857500447
2019-01-01,KWD,Kuwait,1.05,0.3031,3.46420323325635
2019-01-01,LBP,Lebanon,6500.0,1507.0,4.31320504313205
2019-01-01,LKR,Sri Lanka,580.0,182.245,3.18252901314165
2019-01-01,MDL,Moldova,40.0,17.262999999999998,2.3170943636679597
2019-01-01,MXN,Mexico,49.0,19.30875,2.53770958762219
2019-01-01,MYR,Malaysia,9.05,4.1175,2.19793564055859
2019-01-01,NIO,Nicaragua,103.0,32.3607,3.18287305280788
2019-01-01,NOK,Norway,50.0,8.5329,5.85967256149726
2019-01-01,NZD,New Zealand,6.2,1.4792899408284,4.191200000000009
2019-01-01,OMR,Oman,1.05,0.3849,2.7279812938425603
2019-01-01,PKR,Pakistan,460.0,138.88,3.3122119815668194
2019-01-01,PEN,Peru,10.5,3.3485,3.1357324175003702
2019-01-01,PHP,Philippines,140.0,52.3925,2.6721381877177097
2019-01-01,PLN,Poland,10.5,3.74845,2.8011578118955804
2019-01-01,QAR,Qatar,12.0,3.64125,3.2955715756951602
2019-01-01,RON,Romania,9.3,4.06695,2.2867259248331098
2019-01-01,RUB,Russia,110.17,66.685,1.65209567368974
2019-01-01,SAR,Saudi Arabia,12.0,3.75115,3.1990189675166296
2019-01-01,SGD,Singapore,5.8,1.3559,4.27760159303783
2019-01-01,SEK,Sweden,52.0,8.90625,5.838596491228071
2019-01-01,THB,Thailand,119.0,32.0075,3.71787862219792
2019-01-01,TRY,Turkey,10.75,5.3834,1.9968792956124397
2019-01-01,TWD,Taiwan,69.0,30.803,2.24004155439405
2019-01-01,UAH,Ukraine,54.0,27.8,1.94244604316547
2019-01-01,UYU,Uruguay,140.0,32.51,4.30636727160874
2019-01-01,USD,United States,5.58,1.0,5.58
2019-01-01,VND,Vietnam,65000.0,23199.0,2.8018449071080695
2019-01-01,ZAR,South Africa,31.0,13.8675,2.23544258157563
2019-07-09,AED,United Arab Emirates,14.75,3.67315,4.01562691422893
2019-07-09,ARS,Argentina,120.0,41.8045,2.87050437153895
2019-07-09,AUD,Australia,6.15,1.4436263894904,4.260105
2019-07-09,AZN,Azerbaijan,3.95,1.6965,2.3283230179781897
2019-07-09,BHD,Bahrain,1.4,0.377,3.7135278514588896
2019-07-09,BRL,Brazil,17.5,3.8073,4.59643316786174
2019-07-09,CAD,Canada,6.77,1.31305,5.1559346559537
2019-07-09,CHF,Switzerland,6.5,0.99355,6.54219717175784
2019-07-09,CLP,Chile,2640.0,689.75,3.82747372236318
2019-07-09,CNY,China,21.0,6.8846,3.0502861458908304
2019-07-09,COP,Colombia,11900.0,3227.0,3.6876355748373104
2019-07-09,CRC,Costa Rica,2290.0,581.935,3.9351473961868595
2019-07-09,CZK,Czech Republic,85.0,22.7993,3.7281846372476397
2019-07-09,DKK,Denmark,30.0,6.6593,4.50497800069076
2019-07-09,EGP,Egypt,42.0,16.615,2.52783629250677
2019-07-09,EUR,Euro area,4.08,0.892339267389462,4.572252
2019-07-09,GBP,Britain,3.29,0.8021819348628271,4.101314
2019-07-09,GTQ,Guatemala,25.0,7.6802,3.2551235644905097
2019-07-09,HKD,Hong Kong,20.5,7.8105,2.6246719160105
2019-07-09,HNL,Honduras,86.0,24.4834,3.5125840365308703
2019-07-09,HRK,Croatia,22.0,6.5981,3.3342932056198
2019-07-09,HUF,Hungary,900.0,290.5412,3.0976673876200698
2019-07-09,IDR,Indonesia,32000.0,14130.0,2.26468506723284
2019-07-09,INR,India,183.0,68.5544,2.66941290420454
2019-07-09,ILS,Israel,17.0,3.5667,4.76631059522808
2019-07-09,JOD,Jordan,2.3,0.7090000000000001,3.24400564174894
2019-07-09,JPY,Japan,390.0,108.765,3.58571231554268
2019-07-09,KRW,South Korea,4500.0,1180.55,3.81178264368303
2019-07-09,KWD,Kuwait,1.1,0.3045,3.61247947454844
2019-07-09,LBP,Lebanon,6500.0,1507.0,4.31320504313205
2019-07-09,LKR,Sri Lanka,640.0,175.675,3.64309093496513
2019-07-09,MDL,Moldova,43.0,17.8142,2.41380471758485
2019-07-09,MXN,Mexico,50.0,18.89525,2.6461676876463702
2019-07-09,MYR,Malaysia,8.85,4.1425,2.1363910681955303
2019-07-09,NIO,Nicaragua,110.0,33.1621,3.3170396325926297
2019-07-09,NOK,Norway,42.0,8.65275,4.853948166767791
2019-07-09,NZD,New Zealand,6.4,1.5134317063942502,4.2288
2019-07-09,OMR,Oman,1.21,0.385,3.14285714285714
2019-07-09,PKR,Pakistan,480.0,157.45,3.0485868529692
2019-07-09,PEN,Peru,10.5,3.2868,3.19459656809054
2019-07-09,PHP,Philippines,142.0,51.3175,2.76708725093779
2019-07-09,PLN,Poland,10.8,3.80775,2.83632066180815
2019-07-09,QAR,Qatar,13.0,3.64175,3.5697123635614707
2019-07-09,RON,Romania,9.3,4.2192,2.20420932878271
2019-07-09,RUB,Russia,130.0,63.83875,2.03638072487322
2019-07-09,SAR,Saudi Arabia,13.0,3.75035,3.46634314130681
2019-07-09,SGD,Singapore,5.8,1.3613,4.26063321824726
2019-07-09,SEK,Sweden,51.0,9.47505,5.38255734798233
2019-07-09,THB,Thailand,119.0,30.8275,3.8601897656313398
2019-07-09,TRY,Turkey,13.99,5.722,2.44494931842013
2019-07-09,TWD,Taiwan,72.0,31.171999999999997,2.3097651738739904
2019-07-09,UAH,Ukraine,57.0,25.6475,2.2224388341943704
2019-07-09,UYU,Uruguay,164.0,35.1695,4.66313140647436
2019-07-09,USD,United States,5.74,1.0,5.74
2019-07-09,VND,Vietnam,65000.0,23231.0,2.79798545047566
2019-07-09,ZAR,South Africa,31.0,14.175,2.18694885361552
2020-01-14,AED,United Arab Emirates,14.75,3.67315,4.01562691422893
2020-01-14,ARS,Argentina,171.0,60.0656,2.8468874031059404
2020-01-14,AUD,Australia,6.45,1.4490653528474098,4.451145000000009
2020-01-14,AZN,Azerbaijan,3.95,1.6965,2.3283230179781897
2020-01-14,BHD,Bahrain,1.4,0.377,3.7135278514588896
2020-01-14,BRL,Brazil,19.9,4.1419,4.804558294502519
2020-01-14,CAD,Canada,6.77,1.30655,5.18158509050553
2020-01-14,CHF,Switzerland,6.5,0.96825,6.7131422669765
2020-01-14,CLP,Chile,2640.0,772.74,3.4164143178818196
2020-01-14,CNY,China,21.5,6.885,3.12273057371097
2020-01-14,COP,Colombia,11900.0,3287.625,3.61963423443976
2020-01-14,CRC,Costa Rica,2350.0,569.965,4.12306018790628
2020-01-14,CZK,Czech Republic,85.0,22.63095,3.75591833307926
2020-01-14,DKK,Denmark,30.0,6.71935,4.46471756940776
2020-01-14,EGP,Egypt,42.0,15.88,2.6448362720403
2020-01-14,EUR,Euro area,4.12,0.8991592860675269,4.582058
2020-01-14,GBP,Britain,3.39,0.76866904954072,4.4102205
2020-01-14,GTQ,Guatemala,25.0,7.7063,3.2440989839482004
2020-01-14,HKD,Hong Kong,20.5,7.77535,2.63653726198821
2020-01-14,HNL,Honduras,87.0,24.6548,3.5287246296867103
2020-01-14,HRK,Croatia,22.0,6.6965,3.28529829015157
2020-01-14,HUF,Hungary,900.0,298.7502,3.0125502844851697
2020-01-14,IDR,Indonesia,33000.0,13670.0,2.4140453547915097
2020-01-14,INR,India,188.0,70.87815,2.65243943302696
2020-01-14,ILS,Israel,17.0,3.4595,4.91400491400492
2020-01-14,JOD,Jordan,2.3,0.7090000000000001,3.24400564174894
2020-01-14,JPY,Japan,390.0,110.04,3.54416575790622
2020-01-14,KRW,South Korea,4500.0,1156.1,3.89239685148344
2020-01-14,KWD,Kuwait,1.1,0.3034,3.6255767963085
2020-01-14,LBP,Lebanon,6500.0,1514.0,4.2932628797886405
2020-01-14,LKR,Sri Lanka,580.0,181.45,3.19647285753651
2020-01-14,MDL,Moldova,45.0,17.42,2.5832376578645198
2020-01-14,MXN,Mexico,50.0,18.8205,2.65667755904466
2020-01-14,MYR,Malaysia,9.5,4.0745,2.33157442630998
2020-01-14,NIO,Nicaragua,120.0,33.8763,3.5422994837098503
2020-01-14,NOK,Norway,53.0,8.87515,5.97173005526667
2020-01-14,NZD,New Zealand,6.5,1.5135462388376,4.29454999999999
2020-01-14,OMR,Oman,1.155,0.38505,2.99961044020257
2020-01-14,PKR,Pakistan,520.0,154.875,3.35754640839387
2020-01-14,PEN,Peru,11.9,3.3276,3.57615097968506
2020-01-14,PHP,Philippines,142.0,50.58,2.80743376828786
2020-01-14,PLN,Poland,11.0,3.7966,2.89732918927461
2020-01-14,QAR,Qatar,13.0,3.641,3.57044767920901
2020-01-14,RON,Romania,9.5,4.2982,2.21022753710856
2020-01-14,RUB,Russia,135.0,61.4325,2.1975338786473
2020-01-14,SAR,Saudi Arabia,13.0,3.7518,3.4650034650034702
2020-01-14,SGD,Singapore,5.9,1.34715,4.37961622684928
2020-01-14,SEK,Sweden,51.5,9.4591,5.4444926050047
2020-01-14,THB,Thailand,115.0,30.2775,3.79819998348609
2020-01-14,TRY,Turkey,12.99,5.88025,2.20908974958548
2020-01-14,TWD,Taiwan,72.0,29.8845,2.4092757114892303
2020-01-14,UAH,Ukraine,57.0,23.99,2.3759899958316
2020-01-14,UYU,Uruguay,179.0,37.435,4.7816214772271906
2020-01-14,USD,United States,5.67,1.0,5.67
2020-01-14,VND,Vietnam,66000.0,23176.0,2.8477735588539903
2020-01-14,ZAR,South Africa,31.0,14.390999999999998,2.15412410534362
